time,players
2024-11-07T01:00:02.154Z,13
2024-11-07T01:30:01.971Z,15
2024-11-07T02:00:01.998Z,15
2024-11-07T02:30:02.510Z,12
2024-11-07T03:00:02.468Z,12
2024-11-07T03:30:01.833Z,8
2024-11-07T04:00:02.474Z,4
2024-11-07T04:30:02.647Z,0
2024-11-07T05:00:02.274Z,0
2024-11-07T05:30:02.823Z,-1
2024-11-07T06:00:02.493Z,0
2024-11-07T06:30:02.280Z,0
2024-11-07T07:00:01.927Z,0
2024-11-07T07:30:02.281Z,0
2024-11-07T08:00:01.841Z,0
2024-11-07T08:30:02.344Z,0
2024-11-07T09:00:02.183Z,0
2024-11-07T09:30:01.781Z,0
2024-11-07T10:00:02.688Z,0
2024-11-07T10:30:02.089Z,0
2024-11-07T11:00:01.880Z,0
2024-11-07T11:30:03.072Z,1
2024-11-07T12:00:02.559Z,0
2024-11-07T12:30:02.274Z,4
2024-11-07T13:00:02.545Z,10
2024-11-07T13:30:02.668Z,8
2024-11-07T14:00:02.391Z,10
2024-11-07T14:30:02.425Z,14
2024-11-07T15:00:02.038Z,14
2024-11-07T15:30:01.880Z,12
2024-11-07T16:00:03.052Z,-1
2024-11-07T16:30:01.882Z,13
2024-11-07T17:00:02.326Z,13
2024-11-07T17:30:01.705Z,13
2024-11-07T18:00:03.328Z,-1
2024-11-07T18:30:03.682Z,-1
2024-11-07T19:00:02.440Z,-1
2024-11-07T19:30:03.804Z,-1
2024-11-07T20:00:02.285Z,4
2024-11-07T20:30:01.897Z,8
2024-11-07T21:00:01.860Z,6
2024-11-07T21:30:03.955Z,-1
2024-11-07T22:00:02.517Z,15
2024-11-07T22:30:02.525Z,12
2024-11-07T23:00:01.987Z,9
2024-11-07T23:30:02.580Z,11
2024-11-08T00:00:02.477Z,12
2024-11-08T00:30:02.254Z,14
2024-11-08T01:00:01.733Z,10
2024-11-08T01:30:03.829Z,-1
2024-11-08T02:00:01.942Z,5
2024-11-08T02:30:02.339Z,6
2024-11-08T03:00:02.244Z,-1
2024-11-08T03:30:02.209Z,10
2024-11-08T04:00:02.560Z,0
2024-11-08T04:30:01.984Z,0
2024-11-08T05:00:02.490Z,0
2024-11-08T05:30:02.314Z,0
2024-11-08T06:00:01.585Z,0
2024-11-08T06:30:02.161Z,0
2024-11-08T07:00:01.580Z,0
2024-11-08T07:30:02.468Z,0
2024-11-08T08:00:01.891Z,0
2024-11-08T08:30:02.486Z,0
2024-11-08T09:00:02.218Z,0
2024-11-08T09:30:02.414Z,0
2024-11-08T10:00:02.152Z,0
2024-11-08T10:30:01.676Z,0
2024-11-08T11:00:02.299Z,0
2024-11-08T11:30:02.109Z,1
2024-11-08T12:00:02.303Z,0
2024-11-08T12:30:01.939Z,1
2024-11-08T13:00:02.918Z,-1
2024-11-08T13:30:01.868Z,9
2024-11-08T14:00:02.816Z,3
2024-11-08T14:30:02.469Z,-1
2024-11-08T15:00:02.853Z,12
2024-11-08T15:30:02.061Z,15
2024-11-08T16:00:03.085Z,-1
2024-11-08T16:30:03.520Z,-1
2024-11-08T17:00:01.586Z,15
2024-11-08T17:30:02.156Z,13
2024-11-08T18:00:02.492Z,10
2024-11-08T18:30:03.368Z,-1
2024-11-08T19:00:02.444Z,14
2024-11-08T19:30:03.285Z,-1
2024-11-08T20:00:02.390Z,13
2024-11-08T20:30:02.031Z,13
2024-11-08T21:00:01.671Z,14
2024-11-08T21:30:02.109Z,4
2024-11-08T22:00:01.760Z,4
2024-11-08T22:30:02.284Z,5
2024-11-08T23:00:02.183Z,-1
2024-11-08T23:30:03.614Z,-1
2024-11-09T00:00:03.300Z,-1
2024-11-09T00:30:02.213Z,2
2024-11-09T01:00:01.643Z,12
2024-11-09T01:30:02.211Z,7
2024-11-09T02:00:02.474Z,8
2024-11-09T02:30:01.999Z,8
2024-11-09T03:00:01.834Z,5
2024-11-09T03:30:02.291Z,4
2024-11-09T04:00:02.019Z,5
2024-11-09T04:30:02.417Z,3
2024-11-09T05:00:01.750Z,0
2024-11-09T05:30:02.289Z,0
2024-11-09T06:00:02.487Z,-1
2024-11-09T06:30:02.216Z,0
2024-11-09T07:00:01.926Z,0
2024-11-09T07:30:02.462Z,0
2024-11-09T08:00:02.552Z,-1
2024-11-09T08:30:02.514Z,1
2024-11-09T09:00:01.959Z,0
2024-11-09T09:30:02.391Z,0
2024-11-09T10:00:02.094Z,0
2024-11-09T10:30:01.636Z,0
2024-11-09T11:00:02.200Z,0
2024-11-09T11:30:01.850Z,0
2024-11-09T12:00:02.254Z,0
2024-11-09T12:30:01.811Z,0
2024-11-09T13:00:02.208Z,3
2024-11-09T13:30:01.630Z,4
2024-11-09T14:00:02.835Z,-1
2024-11-09T14:30:02.130Z,10
2024-11-09T15:00:03.198Z,-1
2024-11-09T15:30:02.375Z,15
2024-11-09T16:00:02.413Z,-1
2024-11-09T16:30:02.925Z,-1
2024-11-09T17:00:02.219Z,6
2024-11-09T17:30:02.375Z,-1
2024-11-09T18:00:02.440Z,8
2024-11-09T18:30:02.559Z,-1
2024-11-09T19:00:02.553Z,11
2024-11-09T19:30:02.280Z,14
2024-11-09T20:00:02.529Z,12
2024-11-09T20:30:02.163Z,6
2024-11-09T21:00:01.922Z,15
2024-11-09T21:30:02.215Z,10
2024-11-09T22:00:01.598Z,13
2024-11-09T22:30:02.027Z,10
2024-11-09T23:00:04.173Z,-1
2024-11-09T23:30:01.892Z,15
2024-11-10T00:00:02.437Z,15
2024-11-10T00:30:04.733Z,-1
2024-11-10T01:00:04.371Z,-1
2024-11-10T01:30:02.014Z,4
2024-11-10T02:00:02.365Z,3
2024-11-10T02:30:02.147Z,8
2024-11-10T03:00:02.497Z,3
2024-11-10T03:30:02.553Z,-1
2024-11-10T04:00:02.362Z,0
2024-11-10T04:30:02.045Z,0
2024-11-10T05:00:01.941Z,0
2024-11-10T05:30:02.353Z,2
2024-11-10T06:00:01.772Z,0
2024-11-10T06:30:02.277Z,0
2024-11-10T07:00:01.674Z,2
2024-11-10T07:30:02.084Z,0
2024-11-10T08:00:02.519Z,0
2024-11-10T08:30:01.833Z,0
2024-11-10T09:00:02.307Z,0
2024-11-10T09:30:01.766Z,0
2024-11-10T10:00:02.162Z,0
2024-11-10T10:30:01.783Z,0
2024-11-10T11:00:02.139Z,0
2024-11-10T11:30:02.381Z,0
2024-11-10T12:00:02.142Z,0
2024-11-10T12:30:01.725Z,1
2024-11-10T13:00:02.219Z,0
2024-11-10T13:30:01.661Z,3
2024-11-10T14:00:01.956Z,6
2024-11-10T14:30:02.119Z,7
2024-11-10T15:00:02.419Z,0
2024-11-10T15:30:01.831Z,7
2024-11-10T16:00:02.960Z,-1
2024-11-10T16:30:02.264Z,-1
2024-11-10T17:00:02.217Z,14
2024-11-10T17:30:03.863Z,-1
2024-11-10T18:00:01.843Z,5
2024-11-10T18:30:02.288Z,4
2024-11-10T19:00:01.994Z,10
2024-11-10T19:30:02.322Z,11
2024-11-10T20:00:01.729Z,15
2024-11-10T20:30:02.298Z,15
2024-11-10T21:00:01.711Z,14
2024-11-10T21:30:02.055Z,11
2024-11-10T22:00:02.417Z,11
2024-11-10T22:30:01.755Z,7
2024-11-10T23:00:02.328Z,5
2024-11-10T23:30:01.677Z,7
2024-11-11T00:00:02.219Z,7
2024-11-11T00:30:02.196Z,6
2024-11-11T01:00:01.656Z,0
2024-11-11T01:30:02.343Z,2
2024-11-11T02:00:02.029Z,1
2024-11-11T02:30:02.582Z,9
2024-11-11T03:00:02.333Z,2
2024-11-11T03:30:02.073Z,2
2024-11-11T04:00:01.634Z,0
2024-11-11T04:30:02.251Z,0
2024-11-11T05:00:01.927Z,0
2024-11-11T05:30:01.605Z,0
2024-11-11T06:00:02.255Z,0
2024-11-11T06:30:02.289Z,0
2024-11-11T07:00:01.982Z,0
2024-11-11T07:30:01.486Z,0
2024-11-11T08:00:02.237Z,0
2024-11-11T08:30:01.736Z,0
2024-11-11T09:00:02.253Z,0
2024-11-11T09:30:01.879Z,0
2024-11-11T10:00:02.919Z,0
2024-11-11T10:30:01.914Z,0
2024-11-11T11:00:01.536Z,0
2024-11-11T11:30:02.190Z,0
2024-11-11T12:00:02.570Z,0
2024-11-11T12:30:02.072Z,4
2024-11-11T13:00:02.392Z,5
2024-11-11T13:30:02.080Z,5
2024-11-11T14:00:01.700Z,8
2024-11-11T14:30:02.267Z,7
2024-11-11T15:00:01.944Z,15
2024-11-11T15:30:03.240Z,-1
2024-11-11T16:00:01.912Z,14
2024-11-11T16:30:02.280Z,15
2024-11-11T17:00:02.016Z,14
2024-11-11T17:30:02.329Z,8
2024-11-11T18:00:01.996Z,10
2024-11-11T18:30:02.397Z,10
2024-11-11T19:00:01.970Z,12
2024-11-11T19:30:01.543Z,14
2024-11-11T20:00:02.140Z,9
2024-11-11T20:30:01.858Z,11
2024-11-11T21:00:01.830Z,15
2024-11-11T21:30:02.332Z,15
2024-11-11T22:00:03.123Z,-1
2024-11-11T22:30:02.394Z,15
2024-11-11T23:00:01.995Z,3
2024-11-11T23:30:02.466Z,3
2024-11-12T00:00:01.912Z,6
2024-11-12T00:30:02.445Z,10
2024-11-12T01:00:01.523Z,9
2024-11-12T01:30:01.933Z,4
2024-11-12T02:00:02.348Z,5
2024-11-12T02:30:01.981Z,4
2024-11-12T03:00:02.478Z,4
2024-11-12T03:30:02.105Z,4
2024-11-12T04:00:03.663Z,-1
2024-11-12T04:30:03.179Z,-1
2024-11-12T05:00:02.260Z,0
2024-11-12T05:30:01.480Z,0
2024-11-12T06:00:02.431Z,0
2024-11-12T06:30:02.101Z,0
2024-11-12T07:00:01.787Z,0
2024-11-12T07:30:02.217Z,0
2024-11-12T08:00:01.707Z,0
2024-11-12T08:30:02.310Z,0
2024-11-12T09:00:01.681Z,0
2024-11-12T09:30:02.091Z,0
2024-11-12T10:00:02.632Z,0
2024-11-12T10:30:02.199Z,0
2024-11-12T11:00:01.949Z,0
2024-11-12T11:30:02.202Z,0
2024-11-12T12:00:02.463Z,0
2024-11-12T12:30:01.849Z,1
2024-11-12T13:00:02.535Z,7
2024-11-12T13:30:01.936Z,5
2024-11-12T14:00:02.364Z,15
2024-11-12T14:30:01.835Z,9
2024-11-12T15:00:02.224Z,10
2024-11-12T15:30:03.102Z,-1
2024-11-12T16:00:02.383Z,11
2024-11-12T16:30:02.967Z,-1
2024-11-12T17:00:02.540Z,12
2024-11-12T17:30:01.527Z,4
2024-11-12T18:00:02.200Z,14
2024-11-12T18:30:01.748Z,14
2024-11-12T19:00:02.441Z,13
2024-11-12T19:30:03.443Z,-1
2024-11-12T20:00:01.722Z,13
2024-11-12T20:30:02.362Z,13
2024-11-12T21:00:02.051Z,13
2024-11-12T21:30:02.491Z,13
2024-11-12T22:00:02.034Z,15
2024-11-12T22:30:02.838Z,-1
2024-11-12T23:00:02.350Z,15
2024-11-12T23:30:01.952Z,3
2024-11-13T00:00:02.914Z,-1
2024-11-13T00:30:01.800Z,5
2024-11-13T01:00:02.384Z,6
2024-11-13T01:30:01.641Z,8
2024-11-13T02:00:02.040Z,12
2024-11-13T02:30:02.025Z,14
2024-11-13T03:00:02.526Z,5
2024-11-13T03:30:02.132Z,0
2024-11-13T04:00:02.026Z,0
2024-11-13T04:30:02.238Z,0
2024-11-13T05:00:01.644Z,0
2024-11-13T05:30:02.437Z,0
2024-11-13T06:00:02.223Z,0
2024-11-13T06:30:01.926Z,0
2024-11-13T07:00:02.373Z,0
2024-11-13T07:30:02.551Z,0
2024-11-13T08:00:02.268Z,0
2024-11-13T08:30:02.274Z,0
2024-11-13T09:00:02.175Z,0
2024-11-13T09:30:02.075Z,0
2024-11-13T10:00:01.857Z,0
2024-11-13T10:30:02.209Z,0
2024-11-13T11:00:02.473Z,0
2024-11-13T11:30:01.927Z,1
2024-11-13T12:00:02.283Z,0
2024-11-13T12:30:01.562Z,2
2024-11-13T13:00:02.031Z,8
2024-11-13T13:30:02.088Z,6
2024-11-13T14:00:02.086Z,4
2024-11-13T14:30:02.380Z,13
2024-11-13T15:00:02.049Z,10
2024-11-13T15:30:03.174Z,10
2024-11-13T16:00:01.697Z,15
2024-11-13T16:30:03.342Z,-1
2024-11-13T17:00:02.493Z,14
2024-11-13T17:30:02.452Z,11
2024-11-13T18:00:02.448Z,12
2024-11-13T18:30:02.054Z,15
2024-11-13T19:00:02.117Z,14
2024-11-13T19:30:01.947Z,13
2024-11-13T20:00:02.562Z,11
2024-11-13T20:30:02.292Z,15
2024-11-13T21:00:01.581Z,0
2024-11-13T21:30:02.529Z,15
2024-11-13T22:00:02.585Z,14
2024-11-13T22:30:03.588Z,-1
2024-11-13T23:00:02.190Z,9
2024-11-13T23:30:02.433Z,13
2024-11-14T00:00:01.913Z,5
2024-11-14T00:30:02.163Z,9
2024-11-14T01:00:02.239Z,14
2024-11-14T01:30:02.511Z,11
2024-11-14T02:00:02.045Z,10
2024-11-14T02:30:02.255Z,6
2024-11-14T03:00:02.123Z,5
2024-11-14T03:30:01.729Z,2
2024-11-14T04:00:01.687Z,2
2024-11-14T04:30:01.930Z,0
2024-11-14T05:00:02.482Z,0
2024-11-14T05:30:02.132Z,0
2024-11-14T06:00:01.848Z,3
2024-11-14T06:30:02.386Z,0
2024-11-14T07:00:01.978Z,0
2024-11-14T07:30:02.277Z,0
2024-11-14T08:00:01.688Z,0
2024-11-14T08:30:02.308Z,0
2024-11-14T09:00:02.099Z,0
2024-11-14T09:30:01.878Z,0
2024-11-14T10:00:01.911Z,0
2024-11-14T10:30:02.592Z,0
2024-11-14T11:00:01.696Z,0
2024-11-14T11:30:02.287Z,0
2024-11-14T12:00:02.093Z,1
2024-11-14T12:30:01.492Z,1
2024-11-14T13:00:02.124Z,2
2024-11-14T13:30:01.511Z,10
2024-11-14T14:00:01.917Z,14
2024-11-14T14:30:01.942Z,8
2024-11-14T15:00:02.135Z,11
2024-11-14T15:30:02.019Z,12
2024-11-14T16:00:02.004Z,15
2024-11-14T16:30:02.262Z,10
2024-11-14T17:00:01.735Z,13
2024-11-14T17:30:02.447Z,14
2024-11-14T18:00:03.735Z,-1
2024-11-14T18:30:03.450Z,-1
2024-11-14T19:00:03.177Z,-1
2024-11-14T19:30:02.597Z,13
2024-11-14T20:00:02.353Z,14
2024-11-14T20:30:04.212Z,-1
2024-11-14T21:00:03.635Z,-1
2024-11-14T21:30:02.127Z,8
2024-11-14T22:00:03.673Z,-1
2024-11-14T22:30:02.454Z,-1
2024-11-14T23:00:02.374Z,-1
2024-11-14T23:30:02.817Z,-1
2024-11-15T00:00:01.911Z,13
2024-11-15T00:30:02.525Z,9
2024-11-15T01:00:02.042Z,15
2024-11-15T01:30:02.069Z,2
2024-11-15T02:00:02.315Z,15
2024-11-15T02:30:02.475Z,-1
2024-11-15T03:00:02.373Z,9
2024-11-15T03:30:02.467Z,13
2024-11-15T04:00:02.394Z,5
2024-11-15T04:30:02.208Z,0
2024-11-15T05:00:02.054Z,0
2024-11-15T05:30:01.943Z,0
2024-11-15T06:00:01.933Z,0
2024-11-15T06:30:02.405Z,0
2024-11-15T07:00:01.830Z,0
2024-11-15T07:30:02.208Z,0
2024-11-15T08:00:01.896Z,0
2024-11-15T08:30:01.918Z,0
2024-11-15T09:00:01.724Z,0
2024-11-15T09:30:02.474Z,2
2024-11-15T10:00:01.982Z,0
2024-11-15T10:30:01.705Z,0
2024-11-15T11:00:01.965Z,0
2024-11-15T11:30:02.260Z,0
2024-11-15T12:00:01.915Z,4
2024-11-15T12:30:02.286Z,1
2024-11-15T13:00:01.849Z,8
2024-11-15T13:30:02.309Z,8
2024-11-15T14:00:02.747Z,-1
2024-11-15T14:30:02.340Z,9
2024-11-15T15:00:02.225Z,15
2024-11-15T15:30:02.101Z,15
2024-11-15T16:00:01.798Z,14
2024-11-15T16:30:02.308Z,13
2024-11-15T17:00:01.902Z,14
2024-11-15T17:30:02.128Z,12
2024-11-15T18:00:02.620Z,15
2024-11-15T18:30:02.278Z,12
2024-11-15T19:00:02.906Z,-1
2024-11-15T19:30:02.269Z,9
2024-11-15T20:00:01.894Z,8
2024-11-15T20:30:02.122Z,9
2024-11-15T21:00:02.217Z,13
2024-11-15T21:30:03.390Z,-1
2024-11-15T22:00:01.980Z,11
2024-11-15T22:30:03.734Z,-1
2024-11-15T23:00:02.391Z,3
2024-11-15T23:30:02.206Z,9
2024-11-16T00:00:01.695Z,4
2024-11-16T00:30:02.136Z,13
2024-11-16T01:00:01.854Z,15
2024-11-16T01:30:01.890Z,10
2024-11-16T02:00:01.821Z,12
2024-11-16T02:30:02.584Z,-1
2024-11-16T03:00:02.144Z,0
2024-11-16T03:30:01.699Z,0
2024-11-16T04:00:02.282Z,0
2024-11-16T04:30:02.563Z,0
2024-11-16T05:00:02.176Z,0
2024-11-16T05:30:02.055Z,0
2024-11-16T06:00:01.930Z,0
2024-11-16T06:30:01.959Z,0
2024-11-16T07:00:01.680Z,0
2024-11-16T07:30:02.459Z,0
2024-11-16T08:00:02.391Z,0
2024-11-16T08:30:02.287Z,1
2024-11-16T09:00:02.296Z,0
2024-11-16T09:30:02.032Z,0
2024-11-16T10:00:01.802Z,0
2024-11-16T10:30:02.364Z,0
2024-11-16T11:00:02.122Z,0
2024-11-16T11:30:02.094Z,0
2024-11-16T12:00:01.566Z,0
2024-11-16T12:30:01.740Z,3
2024-11-16T13:00:01.703Z,6
2024-11-16T13:30:02.143Z,4
2024-11-16T14:00:01.816Z,0
2024-11-16T14:30:02.471Z,5
2024-11-16T15:00:02.393Z,8
2024-11-16T15:30:02.313Z,7
2024-11-16T16:00:02.323Z,7
2024-11-16T16:30:02.028Z,2
2024-11-16T17:00:02.081Z,4
2024-11-16T17:30:01.800Z,6
2024-11-16T18:00:01.584Z,9
2024-11-16T18:30:02.413Z,10
2024-11-16T19:00:02.013Z,7
2024-11-16T19:30:01.715Z,8
2024-11-16T20:00:02.478Z,5
2024-11-16T20:30:02.270Z,7
2024-11-16T21:00:02.275Z,7
2024-11-16T21:30:02.187Z,12
2024-11-16T22:00:02.119Z,13
2024-11-16T22:30:01.689Z,7
2024-11-16T23:00:02.125Z,12
2024-11-16T23:30:02.390Z,8
2024-11-17T00:00:03.634Z,-1
2024-11-17T00:30:02.960Z,-1
2024-11-17T01:00:02.534Z,12
2024-11-17T01:30:02.071Z,8
2024-11-17T02:00:02.040Z,3
2024-11-17T02:30:02.226Z,5
2024-11-17T03:00:02.351Z,5
2024-11-17T03:30:02.134Z,7
2024-11-17T04:00:02.304Z,8
2024-11-17T04:30:01.884Z,5
2024-11-17T05:00:01.615Z,3
2024-11-17T05:30:01.994Z,1
2024-11-17T06:00:02.099Z,0
2024-11-17T06:30:02.256Z,0
2024-11-17T07:00:02.388Z,0
2024-11-17T07:30:02.567Z,0
2024-11-17T08:00:01.870Z,0
2024-11-17T08:30:02.100Z,0
2024-11-17T09:00:02.238Z,3
2024-11-17T09:30:02.453Z,0
2024-11-17T10:00:01.609Z,0
2024-11-17T10:30:01.977Z,0
2024-11-17T11:00:01.956Z,0
2024-11-17T11:30:01.708Z,0
2024-11-17T12:00:01.772Z,0
2024-11-17T12:30:02.187Z,2
2024-11-17T13:00:02.057Z,1
2024-11-17T13:30:02.547Z,5
2024-11-17T14:00:02.510Z,8
2024-11-17T14:30:01.757Z,5
2024-11-17T15:00:02.013Z,5
2024-11-17T15:30:02.064Z,6
2024-11-17T16:00:03.374Z,-1
2024-11-17T16:30:03.584Z,-1
2024-11-17T17:00:02.930Z,-1
2024-11-17T17:30:01.760Z,9
2024-11-17T18:00:02.358Z,-1
2024-11-17T18:30:02.245Z,8
2024-11-17T19:00:02.423Z,13
2024-11-17T19:30:01.922Z,13
2024-11-17T20:00:01.943Z,12
2024-11-17T20:30:02.202Z,0
2024-11-17T21:00:02.456Z,7
2024-11-17T21:30:01.852Z,11
2024-11-17T22:00:02.045Z,14
2024-11-17T22:30:02.265Z,10
2024-11-17T23:00:02.067Z,14
2024-11-17T23:30:02.022Z,8
2024-11-18T00:00:02.404Z,8
2024-11-18T00:30:01.560Z,13
2024-11-18T01:00:01.655Z,14
2024-11-18T01:30:02.348Z,12
2024-11-18T02:00:01.723Z,11
2024-11-18T02:30:02.090Z,4
2024-11-18T03:00:02.387Z,7
2024-11-18T03:30:01.808Z,5
2024-11-18T04:00:01.949Z,5
2024-11-18T04:30:02.793Z,-1
2024-11-18T05:00:02.504Z,0
2024-11-18T05:30:02.625Z,-1
2024-11-18T06:00:02.364Z,0
2024-11-18T06:30:02.026Z,0
2024-11-18T07:00:02.291Z,0
2024-11-18T07:30:01.803Z,0
2024-11-18T08:00:02.043Z,0
2024-11-18T08:30:02.276Z,0
2024-11-18T09:00:02.502Z,-1
2024-11-18T09:30:02.214Z,0
2024-11-18T10:00:01.929Z,0
2024-11-18T10:30:02.398Z,0
2024-11-18T11:00:01.707Z,0
2024-11-18T11:30:02.442Z,0
2024-11-18T12:00:01.580Z,1
2024-11-18T12:30:01.944Z,2
2024-11-18T13:00:02.324Z,8
2024-11-18T13:30:02.348Z,5
2024-11-18T14:00:01.801Z,7
2024-11-18T14:30:02.267Z,5
2024-11-18T15:00:02.225Z,15
2024-11-18T15:30:02.420Z,12
2024-11-18T16:00:01.659Z,11
2024-11-18T16:30:03.487Z,-1
2024-11-18T17:00:02.452Z,12
2024-11-18T17:30:01.780Z,8
2024-11-18T18:00:01.998Z,12
2024-11-18T18:30:02.337Z,11
2024-11-18T19:00:02.456Z,11
2024-11-18T19:30:01.719Z,15
2024-11-18T20:00:02.209Z,14
2024-11-18T20:30:02.549Z,8
2024-11-18T21:00:02.153Z,15
2024-11-18T21:30:01.828Z,15
2024-11-18T22:00:02.516Z,15
2024-11-18T22:30:03.094Z,-1
2024-11-18T23:00:02.250Z,15
2024-11-18T23:30:01.763Z,14
2024-11-19T00:00:02.465Z,15
2024-11-19T00:30:01.615Z,14
2024-11-19T01:00:02.199Z,13
2024-11-19T01:30:03.795Z,-1
2024-11-19T02:00:01.898Z,9
2024-11-19T02:30:02.409Z,8
2024-11-19T03:00:01.960Z,4
2024-11-19T03:30:02.384Z,0
2024-11-19T04:00:01.929Z,0
2024-11-19T04:30:02.536Z,3
2024-11-19T05:00:01.982Z,0
2024-11-19T05:30:02.389Z,0
2024-11-19T06:00:01.831Z,0
2024-11-19T06:30:02.139Z,0
2024-11-19T07:00:02.313Z,0
2024-11-19T07:30:01.824Z,0
2024-11-19T08:00:02.087Z,0
2024-11-19T08:30:01.552Z,0
2024-11-19T09:00:02.148Z,0
2024-11-19T09:30:01.561Z,0
2024-11-19T10:00:02.549Z,0
2024-11-19T10:30:01.995Z,0
2024-11-19T11:00:01.837Z,0
2024-11-19T11:30:02.349Z,0
2024-11-19T12:00:02.183Z,1
2024-11-19T12:30:01.875Z,0
2024-11-19T13:00:02.156Z,0
2024-11-19T13:30:01.985Z,8
2024-11-19T14:00:02.529Z,14
2024-11-19T14:30:02.513Z,15
2024-11-19T15:00:02.517Z,14
2024-11-19T15:30:01.870Z,15
2024-11-19T16:00:02.366Z,8
2024-11-19T16:30:03.419Z,-1
2024-11-19T17:00:02.696Z,15
2024-11-19T17:30:02.398Z,12
2024-11-19T18:00:02.276Z,12
2024-11-19T18:30:02.238Z,10
2024-11-19T19:00:02.445Z,-1
2024-11-19T19:30:01.735Z,11
2024-11-19T20:00:01.549Z,12
2024-11-19T20:30:02.341Z,13
2024-11-19T21:00:01.602Z,15
2024-11-19T21:30:02.475Z,14
2024-11-19T22:00:02.575Z,15
2024-11-19T22:30:02.366Z,12
2024-11-19T23:00:02.212Z,13
2024-11-19T23:30:02.320Z,15
2024-11-20T00:00:02.065Z,10
2024-11-20T00:30:01.992Z,14
2024-11-20T01:00:01.575Z,6
2024-11-20T01:30:02.268Z,8
2024-11-20T02:00:02.192Z,15
2024-11-20T02:30:01.666Z,13
2024-11-20T03:00:02.569Z,8
2024-11-20T03:30:02.119Z,3
2024-11-20T04:00:01.581Z,4
2024-11-20T04:30:01.741Z,0
2024-11-20T05:00:01.849Z,0
2024-11-20T05:30:02.524Z,0
2024-11-20T06:00:02.885Z,-1
2024-11-20T06:30:01.988Z,0
2024-11-20T07:00:01.461Z,0
2024-11-20T07:30:02.427Z,0
2024-11-20T08:00:02.076Z,0
2024-11-20T08:30:01.978Z,0
2024-11-20T09:00:02.015Z,0
2024-11-20T09:30:01.838Z,0
2024-11-20T10:00:02.156Z,0
2024-11-20T10:30:01.911Z,0
2024-11-20T11:00:02.213Z,0
2024-11-20T11:30:02.427Z,0
2024-11-20T12:00:02.430Z,1
2024-11-20T12:30:02.369Z,1
2024-11-20T13:00:02.205Z,5
2024-11-20T13:30:01.773Z,10
2024-11-20T14:00:02.423Z,9
2024-11-20T14:30:02.301Z,13
2024-11-20T15:00:01.990Z,15
2024-11-20T15:30:02.328Z,14
2024-11-20T16:00:02.452Z,14
2024-11-20T16:30:03.661Z,-1
2024-11-20T17:00:03.568Z,-1
2024-11-20T17:30:01.903Z,12
2024-11-20T18:00:02.055Z,8
2024-11-20T18:30:02.620Z,7
2024-11-20T19:00:02.355Z,7
2024-11-20T19:30:01.921Z,15
2024-11-20T20:00:03.448Z,-1
2024-11-20T20:30:02.079Z,13
2024-11-20T21:00:01.841Z,15
2024-11-20T21:30:03.580Z,-1
2024-11-20T22:00:03.286Z,-1
2024-11-20T22:30:02.133Z,14
2024-11-20T23:00:03.420Z,-1
2024-11-20T23:30:01.980Z,12
2024-11-21T00:00:02.243Z,9
2024-11-21T00:30:02.476Z,4
2024-11-21T01:00:02.221Z,8
2024-11-21T01:30:02.387Z,9
2024-11-21T02:00:03.170Z,7
2024-11-21T02:30:01.610Z,7
2024-11-21T03:00:02.213Z,8
2024-11-21T03:30:02.029Z,5
2024-11-21T04:00:02.525Z,4
2024-11-21T04:30:02.022Z,3
2024-11-21T05:00:01.839Z,0
2024-11-21T05:30:02.346Z,0
2024-11-21T06:00:02.097Z,0
2024-11-21T06:30:01.803Z,0
2024-11-21T07:00:02.175Z,0
2024-11-21T07:30:01.912Z,0
2024-11-21T08:00:01.917Z,0
2024-11-21T08:30:02.428Z,0
2024-11-21T09:00:02.608Z,2
2024-11-21T09:30:02.005Z,0
2024-11-21T10:00:02.311Z,0
2024-11-21T10:30:01.852Z,0
2024-11-21T11:00:02.472Z,0
2024-11-21T11:30:01.998Z,0
2024-11-21T12:00:01.891Z,1
2024-11-21T12:30:01.886Z,3
2024-11-21T13:00:01.760Z,6
2024-11-21T13:30:02.287Z,10
2024-11-21T14:00:02.557Z,-1
2024-11-21T14:30:02.409Z,7
2024-11-21T15:00:02.249Z,10
2024-11-21T15:30:02.124Z,9
2024-11-21T16:00:03.452Z,-1
2024-11-21T16:30:01.988Z,15
2024-11-21T17:00:01.900Z,12
2024-11-21T17:30:02.517Z,-1
2024-11-21T18:00:03.249Z,-1
2024-11-21T18:30:02.474Z,14
2024-11-21T19:00:01.683Z,13
2024-11-21T19:30:01.831Z,8
2024-11-21T20:00:01.898Z,15
2024-11-21T20:30:02.313Z,9
2024-11-21T21:00:03.884Z,-1
2024-11-21T21:30:02.525Z,13
2024-11-21T22:00:03.791Z,-1
2024-11-21T22:30:03.738Z,-1
2024-11-21T23:00:03.098Z,-1
2024-11-21T23:30:02.333Z,15
2024-11-22T00:00:03.484Z,-1
2024-11-22T00:30:02.111Z,12
2024-11-22T01:00:01.646Z,4
2024-11-22T01:30:02.332Z,0
2024-11-22T02:00:02.078Z,4
2024-11-22T02:30:02.395Z,2
2024-11-22T03:00:02.329Z,1
2024-11-22T03:30:01.900Z,0
2024-11-22T04:00:02.666Z,0
2024-11-22T04:30:02.270Z,0
2024-11-22T05:00:01.807Z,0
2024-11-22T05:30:02.259Z,0
2024-11-22T06:00:02.426Z,-1
2024-11-22T06:30:03.041Z,-1
2024-11-22T07:00:02.183Z,0
2024-11-22T07:30:01.961Z,0
2024-11-22T08:00:02.469Z,0
2024-11-22T08:30:02.305Z,0
2024-11-22T09:00:02.013Z,0
2024-11-22T09:30:02.484Z,0
2024-11-22T10:00:01.697Z,0
2024-11-22T10:30:01.869Z,0
2024-11-22T11:00:01.719Z,0
2024-11-22T11:30:02.579Z,0
2024-11-22T12:00:02.197Z,0
2024-11-22T12:30:01.861Z,1
2024-11-22T13:00:02.444Z,5
2024-11-22T13:30:01.972Z,6
2024-11-22T14:00:01.743Z,10
2024-11-22T14:30:02.567Z,13
2024-11-22T15:00:02.583Z,-1
2024-11-22T15:30:01.650Z,9
2024-11-22T16:00:02.416Z,15
2024-11-22T16:30:02.048Z,15
2024-11-22T17:00:01.750Z,13
2024-11-22T17:30:03.512Z,-1
2024-11-22T18:00:03.189Z,-1
2024-11-22T18:30:02.319Z,14
2024-11-22T19:00:02.176Z,12
2024-11-22T19:30:01.729Z,9
2024-11-22T20:00:03.784Z,-1
2024-11-22T20:30:02.408Z,15
2024-11-22T21:00:02.113Z,15
2024-11-22T21:30:01.580Z,9
2024-11-22T22:00:03.867Z,-1
2024-11-22T22:30:02.337Z,8
2024-11-22T23:00:02.245Z,7
2024-11-22T23:30:02.091Z,8
2024-11-23T00:00:01.782Z,7
2024-11-23T00:30:02.336Z,-1
2024-11-23T01:00:01.727Z,9
2024-11-23T01:30:02.547Z,9
2024-11-23T02:00:02.557Z,11
2024-11-23T02:30:02.535Z,8
2024-11-23T03:00:02.343Z,0
2024-11-23T03:30:02.013Z,4
2024-11-23T04:00:01.892Z,0
2024-11-23T04:30:01.638Z,3
2024-11-23T05:00:02.574Z,5
2024-11-23T05:30:02.428Z,0
2024-11-23T06:00:01.741Z,0
2024-11-23T06:30:02.388Z,0
2024-11-23T07:00:02.207Z,0
2024-11-23T07:30:01.779Z,0
2024-11-23T08:00:02.386Z,0
2024-11-23T08:30:02.262Z,0
2024-11-23T09:00:01.966Z,0
2024-11-23T09:30:02.403Z,0
2024-11-23T10:00:02.067Z,0
2024-11-23T10:30:01.512Z,0
2024-11-23T11:00:02.757Z,-1
2024-11-23T11:30:01.494Z,0
2024-11-23T12:00:01.928Z,2
2024-11-23T12:30:01.708Z,6
2024-11-23T13:00:02.142Z,3
2024-11-23T13:30:02.282Z,6
2024-11-23T14:00:02.077Z,7
2024-11-23T14:30:01.812Z,6
2024-11-23T15:00:02.532Z,10
2024-11-23T15:30:03.060Z,-1
2024-11-23T16:00:01.552Z,2
2024-11-23T16:30:02.535Z,15
2024-11-23T17:00:01.717Z,8
2024-11-23T17:30:01.726Z,12
2024-11-23T18:00:02.327Z,14
2024-11-23T18:30:02.240Z,15
2024-11-23T19:00:03.080Z,-1
2024-11-23T19:30:02.543Z,14
2024-11-23T20:00:02.435Z,15
2024-11-23T20:30:03.170Z,-1
2024-11-23T21:00:02.520Z,10
2024-11-23T21:30:02.517Z,14
2024-11-23T22:00:02.454Z,13
2024-11-23T22:30:02.271Z,15
2024-11-23T23:00:03.421Z,-1
2024-11-23T23:30:03.234Z,-1
2024-11-24T00:00:02.507Z,9
2024-11-24T00:30:02.235Z,9
2024-11-24T01:00:02.126Z,9
2024-11-24T01:30:02.932Z,-1
2024-11-24T02:00:02.290Z,5
2024-11-24T02:30:02.117Z,0
2024-11-24T03:00:02.523Z,2
2024-11-24T03:30:01.967Z,6
2024-11-24T04:00:01.899Z,0
2024-11-24T04:30:03.533Z,-1
2024-11-24T05:00:02.255Z,0
2024-11-24T05:30:01.976Z,0
2024-11-24T06:00:02.352Z,0
2024-11-24T06:30:02.240Z,0
2024-11-24T07:00:02.013Z,0
2024-11-24T07:30:01.582Z,0
2024-11-24T08:00:01.560Z,0
2024-11-24T08:30:01.649Z,0
2024-11-24T09:00:02.395Z,0
2024-11-24T09:30:02.118Z,0
2024-11-24T10:00:01.813Z,0
2024-11-24T10:30:01.594Z,0
2024-11-24T11:00:02.200Z,0
2024-11-24T11:30:01.934Z,0
2024-11-24T12:00:02.460Z,0
2024-11-24T12:30:01.937Z,0
2024-11-24T13:00:01.483Z,4
2024-11-24T13:30:02.286Z,4
2024-11-24T14:00:01.926Z,2
2024-11-24T14:30:02.540Z,3
2024-11-24T15:00:01.910Z,3
2024-11-24T15:30:02.317Z,6
2024-11-24T16:00:01.796Z,11
2024-11-24T16:30:03.588Z,-1
2024-11-24T17:00:03.013Z,-1
2024-11-24T17:30:02.065Z,14
2024-11-24T18:00:01.598Z,9
2024-11-24T18:30:01.873Z,15
2024-11-24T19:00:03.602Z,-1
2024-11-24T19:30:02.960Z,-1
2024-11-24T20:00:02.201Z,14
2024-11-24T20:30:01.732Z,15
2024-11-24T21:00:01.996Z,13
2024-11-24T21:30:01.734Z,6
2024-11-24T22:00:02.243Z,4
2024-11-24T22:30:02.441Z,11
2024-11-24T23:00:01.986Z,11
2024-11-24T23:30:02.836Z,-1
2024-11-25T00:00:01.955Z,14
2024-11-25T00:30:02.429Z,9
2024-11-25T01:00:01.829Z,9
2024-11-25T01:30:03.492Z,-1
2024-11-25T02:00:03.891Z,-1
2024-11-25T02:30:02.420Z,-1
2024-11-25T03:00:02.560Z,9
2024-11-25T03:30:02.249Z,6
2024-11-25T04:00:01.572Z,3
2024-11-25T04:30:02.233Z,5
2024-11-25T05:00:02.486Z,0
2024-11-25T05:30:01.864Z,0
2024-11-25T06:00:02.270Z,0
2024-11-25T06:30:01.811Z,0
2024-11-25T07:00:02.138Z,0
2024-11-25T07:30:01.755Z,0
2024-11-25T08:00:02.388Z,0
2024-11-25T08:30:02.106Z,0
2024-11-25T09:00:02.339Z,0
2024-11-25T09:30:01.677Z,0
2024-11-25T10:00:02.085Z,0
2024-11-25T10:30:02.627Z,0
2024-11-25T11:00:02.108Z,0
2024-11-25T11:30:01.811Z,0
2024-11-25T12:00:02.039Z,2
2024-11-25T12:30:01.625Z,3
2024-11-25T13:00:02.214Z,5
2024-11-25T13:30:01.491Z,7
2024-11-25T14:00:01.825Z,12
2024-11-25T14:30:02.343Z,13
2024-11-25T15:00:03.028Z,-1
2024-11-25T15:30:02.567Z,-1
2024-11-25T16:00:02.313Z,12
2024-11-25T16:30:02.403Z,14
2024-11-25T17:00:02.338Z,15
2024-11-25T17:30:02.381Z,15
2024-11-25T18:00:02.116Z,13
2024-11-25T18:30:02.578Z,-1
2024-11-25T19:00:02.540Z,-1
2024-11-25T19:30:01.981Z,15
2024-11-25T20:00:01.995Z,14
2024-11-25T20:30:01.770Z,11
2024-11-25T21:00:01.794Z,13
2024-11-25T21:30:02.937Z,-1
2024-11-25T22:00:01.656Z,11
2024-11-25T22:30:01.671Z,14
2024-11-25T23:00:01.659Z,14
2024-11-25T23:30:03.156Z,-1
2024-11-26T00:00:01.711Z,6
2024-11-26T00:30:01.745Z,8
2024-11-26T01:00:01.678Z,5
2024-11-26T01:30:01.515Z,6
2024-11-26T02:00:01.683Z,8
2024-11-26T02:30:01.608Z,14
2024-11-26T03:00:01.610Z,5
2024-11-26T03:30:01.512Z,12
2024-11-26T04:00:02.445Z,8
2024-11-26T04:30:02.539Z,2
2024-11-26T05:30:01.649Z,0
2024-11-26T06:00:02.451Z,0
2024-11-26T06:30:02.275Z,-1
2024-11-26T07:00:01.667Z,0
2024-11-26T07:30:01.700Z,0
2024-11-26T08:00:01.802Z,0
2024-11-26T08:30:02.349Z,0
2024-11-26T09:00:01.793Z,0
2024-11-26T09:30:01.656Z,0
2024-11-26T10:00:01.578Z,0
2024-11-26T10:30:01.605Z,0
2024-11-26T11:00:01.548Z,0
2024-11-26T11:30:01.853Z,0
2024-11-26T12:00:02.106Z,0
2024-11-26T12:30:02.078Z,0
2024-11-26T13:00:02.181Z,6
2024-11-26T13:30:02.074Z,3
2024-11-26T14:00:02.232Z,9
2024-11-26T14:30:02.163Z,7
2024-11-26T15:00:02.146Z,12
2024-11-26T15:30:02.242Z,11
2024-11-26T16:00:02.589Z,12
2024-11-26T16:30:02.458Z,13
2024-11-26T17:00:02.379Z,13
2024-11-26T17:30:02.652Z,15
2024-11-26T18:00:02.469Z,15
2024-11-26T18:30:03.851Z,-1
2024-11-26T19:00:02.647Z,6
2024-11-26T19:30:02.453Z,15
2024-11-26T20:00:02.469Z,12
2024-11-26T20:30:01.803Z,8
2024-11-26T21:00:01.793Z,8
2024-11-26T21:30:01.998Z,10
2024-11-26T22:00:02.205Z,13
2024-11-26T22:30:02.135Z,9
2024-11-26T23:00:02.304Z,8
2024-11-26T23:30:02.923Z,-1
2024-11-27T00:00:03.234Z,-1
2024-11-27T00:30:02.153Z,11
2024-11-27T01:00:02.333Z,13
2024-11-27T01:30:02.222Z,5
2024-11-27T02:00:02.754Z,-1
2024-11-27T02:30:02.701Z,9
2024-11-27T03:00:02.369Z,13
2024-11-27T03:30:02.398Z,9
2024-11-27T04:00:02.433Z,1
2024-11-27T04:30:01.595Z,5
2024-11-27T05:00:01.577Z,6
2024-11-27T05:30:01.549Z,5
2024-11-27T06:00:01.737Z,2
2024-11-27T06:30:01.695Z,2
2024-11-27T07:00:02.014Z,0
2024-11-27T07:30:01.800Z,0
2024-11-27T08:00:02.082Z,0
2024-11-27T08:30:02.092Z,0
2024-11-27T09:00:02.178Z,0
2024-11-27T09:30:02.341Z,0
2024-11-27T10:00:02.474Z,0
2024-11-27T10:30:02.420Z,0
2024-11-27T11:00:02.536Z,0
2024-11-27T11:30:01.451Z,0
2024-11-27T12:00:01.624Z,0
2024-11-27T12:30:01.729Z,0
2024-11-27T13:00:01.812Z,6
2024-11-27T13:30:01.854Z,10
2024-11-27T14:00:02.027Z,8
2024-11-27T14:30:01.940Z,8
2024-11-27T15:00:02.035Z,11
2024-11-27T15:30:01.957Z,14
2024-11-27T16:00:03.339Z,-1
2024-11-27T16:30:03.358Z,-1
2024-11-27T17:00:01.969Z,13
2024-11-27T17:30:02.120Z,13
2024-11-27T18:00:02.089Z,12
2024-11-27T18:30:02.182Z,15
2024-11-27T19:00:02.284Z,11
2024-11-27T19:30:02.259Z,7
2024-11-27T20:00:02.352Z,15
2024-11-27T20:30:02.435Z,11
2024-11-27T21:00:03.748Z,-1
2024-11-27T21:30:02.915Z,-1
2024-11-27T22:00:03.169Z,-1
2024-11-27T22:30:01.837Z,14
2024-11-27T23:00:01.938Z,15
2024-11-27T23:30:02.159Z,8
2024-11-28T00:00:02.200Z,8
2024-11-28T00:30:02.274Z,10
2024-11-28T01:00:03.650Z,-1
2024-11-28T01:30:03.761Z,-1
2024-11-28T02:00:03.859Z,-1
2024-11-28T02:30:03.739Z,-1
2024-11-28T03:00:02.501Z,6
2024-11-28T03:30:01.502Z,6
2024-11-28T04:00:02.521Z,0
2024-11-28T04:30:01.697Z,2
2024-11-28T05:00:02.373Z,-1
2024-11-28T05:30:01.736Z,0
2024-11-28T06:00:01.814Z,2
2024-11-28T06:30:01.969Z,1
2024-11-28T07:00:01.964Z,0
2024-11-28T07:30:01.988Z,0
2024-11-28T08:00:02.057Z,0
2024-11-28T08:30:02.080Z,0
2024-11-28T09:00:02.294Z,0
2024-11-28T09:30:02.398Z,0
2024-11-28T10:00:01.558Z,0
2024-11-28T10:30:01.707Z,0
2024-11-28T11:00:01.852Z,1
2024-11-28T11:30:01.811Z,0
2024-11-28T12:00:01.830Z,0
2024-11-28T12:30:01.836Z,1
2024-11-28T13:00:01.894Z,0
2024-11-28T13:30:02.226Z,5
2024-11-28T14:00:02.367Z,5
2024-11-28T14:30:02.381Z,9
2024-11-28T15:00:02.280Z,10
2024-11-28T15:30:02.425Z,10
2024-11-28T16:00:02.389Z,15
2024-11-28T16:30:02.095Z,-1
2024-11-28T17:00:01.631Z,7
2024-11-28T17:30:02.359Z,-1
2024-11-28T18:00:02.004Z,9
2024-11-28T18:30:02.108Z,11
2024-11-28T19:00:02.530Z,-1
2024-11-28T19:30:01.974Z,13
2024-11-28T20:00:01.947Z,11
2024-11-28T20:30:02.189Z,3
2024-11-28T21:00:02.189Z,4
2024-11-28T21:30:02.796Z,-1
2024-11-28T22:00:02.200Z,10
2024-11-28T22:30:02.320Z,14
2024-11-28T23:00:02.395Z,15
2024-11-28T23:30:02.327Z,12
2024-11-29T00:00:02.489Z,13
2024-11-29T00:30:03.812Z,-1
2024-11-29T01:00:01.600Z,15
2024-11-29T01:30:02.949Z,-1
2024-11-29T02:00:01.857Z,14
2024-11-29T02:30:03.219Z,-1
2024-11-29T03:00:02.041Z,7
2024-11-29T03:30:02.061Z,5
2024-11-29T04:00:02.104Z,0
2024-11-29T04:30:02.153Z,1
2024-11-29T05:00:02.255Z,2
2024-11-29T05:30:02.412Z,0
2024-11-29T06:00:02.219Z,0
2024-11-29T06:30:02.423Z,0
2024-11-29T07:00:02.548Z,0
2024-11-29T07:30:02.519Z,0
2024-11-29T08:00:01.884Z,0
2024-11-29T08:30:01.763Z,0
2024-11-29T09:00:01.717Z,0
2024-11-29T09:30:01.823Z,0
2024-11-29T10:00:01.886Z,0
2024-11-29T10:30:01.992Z,0
2024-11-29T11:00:02.226Z,0
2024-11-29T11:30:02.398Z,0
2024-11-29T12:00:02.340Z,0
2024-11-29T12:30:01.586Z,3
2024-11-29T13:00:01.650Z,4
2024-11-29T13:30:01.899Z,0
2024-11-29T14:00:01.773Z,0
2024-11-29T14:30:01.643Z,8
2024-11-29T15:00:01.726Z,8
2024-11-29T15:30:01.794Z,9
2024-11-29T16:00:01.889Z,7
2024-11-29T16:30:02.189Z,9
2024-11-29T17:00:02.214Z,14
2024-11-29T17:30:02.275Z,15
2024-11-29T18:00:03.551Z,-1
2024-11-29T18:30:03.769Z,-1
2024-11-29T19:00:02.632Z,10
2024-11-29T19:30:01.586Z,15
2024-11-29T20:00:01.749Z,13
2024-11-29T20:30:01.649Z,14
2024-11-29T21:00:01.842Z,10
2024-11-29T21:30:01.828Z,14
2024-11-29T22:00:01.890Z,14
2024-11-29T22:30:02.065Z,10
2024-11-29T23:00:02.326Z,8
2024-11-29T23:30:02.344Z,9
2024-11-30T00:00:02.319Z,10
2024-11-30T00:30:02.112Z,-1
2024-11-30T01:00:01.673Z,10
2024-11-30T01:30:03.108Z,-1
2024-11-30T02:00:03.257Z,-1
2024-11-30T02:30:03.391Z,-1
2024-11-30T03:00:02.512Z,4
2024-11-30T03:30:02.453Z,0
2024-11-30T04:00:01.685Z,0
2024-11-30T04:30:01.636Z,0
2024-11-30T05:00:01.780Z,0
2024-11-30T05:30:02.013Z,0
2024-11-30T06:00:02.264Z,2
2024-11-30T06:30:02.285Z,0
2024-11-30T07:00:01.945Z,0
2024-11-30T07:30:01.755Z,0
2024-11-30T08:00:01.696Z,0
2024-11-30T08:30:02.282Z,0
2024-11-30T09:00:02.227Z,0
2024-11-30T09:30:01.968Z,0
2024-11-30T10:00:01.616Z,0
2024-11-30T10:30:01.584Z,0
2024-11-30T11:00:01.687Z,0
2024-11-30T11:30:01.702Z,0
2024-11-30T12:00:01.627Z,0
2024-11-30T12:30:02.374Z,0
2024-11-30T13:00:02.316Z,2
2024-11-30T13:30:02.108Z,3
2024-11-30T14:00:01.990Z,4
2024-11-30T14:30:01.676Z,5
2024-11-30T15:00:01.557Z,9
2024-11-30T15:30:03.056Z,1
2024-11-30T16:00:02.529Z,9
2024-11-30T16:30:02.217Z,12
2024-11-30T17:00:02.243Z,15
2024-11-30T17:30:02.003Z,9
2024-11-30T18:00:02.109Z,10
2024-11-30T18:30:02.035Z,15
2024-11-30T19:00:02.020Z,15
2024-11-30T19:30:02.201Z,14
2024-11-30T20:00:02.050Z,13
2024-11-30T20:30:02.071Z,15
2024-11-30T21:00:03.383Z,-1
2024-11-30T21:30:02.034Z,13
2024-11-30T22:00:03.491Z,-1
2024-11-30T22:30:02.323Z,13
2024-11-30T23:00:02.463Z,14
2024-11-30T23:30:02.562Z,10
2024-12-01T00:00:01.492Z,11
2024-12-01T00:30:02.345Z,11
2024-12-01T01:00:03.478Z,-1
2024-12-01T01:30:02.026Z,0
2024-12-01T02:00:02.724Z,-1
2024-12-01T02:30:02.035Z,8
2024-12-01T03:00:02.045Z,8
2024-12-01T03:30:03.704Z,8
2024-12-01T04:00:02.777Z,11
2024-12-01T04:30:02.055Z,10
2024-12-01T05:00:02.125Z,4
2024-12-01T05:30:02.130Z,0
2024-12-01T06:00:02.542Z,0
2024-12-01T06:30:02.608Z,0
2024-12-01T07:00:02.230Z,0
2024-12-01T07:30:02.261Z,0
2024-12-01T08:00:02.997Z,-1
2024-12-01T08:30:02.067Z,0
2024-12-01T09:00:02.675Z,0
2024-12-01T09:30:02.236Z,0
2024-12-01T10:00:01.815Z,0
2024-12-01T10:30:02.101Z,0
2024-12-01T11:00:01.882Z,0
2024-12-01T11:30:02.045Z,0
2024-12-01T12:00:01.960Z,0
2024-12-01T12:30:01.731Z,2
2024-12-01T13:00:01.830Z,2
2024-12-01T13:30:01.804Z,0
2024-12-01T14:00:01.829Z,4
2024-12-01T14:30:01.731Z,3
2024-12-01T15:00:01.644Z,3
2024-12-01T15:30:01.905Z,11
2024-12-01T16:00:01.960Z,8
2024-12-01T16:30:02.140Z,11
2024-12-01T17:00:02.225Z,14
2024-12-01T17:30:03.435Z,-1
2024-12-01T18:00:02.165Z,14
2024-12-01T18:30:02.164Z,13
2024-12-01T19:00:02.377Z,11
2024-12-01T19:30:02.223Z,15
2024-12-01T20:00:02.253Z,14
2024-12-01T20:30:02.338Z,15
2024-12-01T21:00:03.443Z,-1
2024-12-01T21:30:02.218Z,14
2024-12-01T22:00:02.124Z,14
2024-12-01T22:30:02.236Z,13
2024-12-01T23:00:02.069Z,8
2024-12-01T23:30:01.990Z,13
2024-12-02T00:00:02.388Z,15
2024-12-02T00:30:02.362Z,4
2024-12-02T01:00:02.649Z,9
2024-12-02T01:30:02.330Z,13
2024-12-02T02:00:02.214Z,7
2024-12-02T02:30:02.307Z,15
2024-12-02T03:00:02.406Z,5
2024-12-02T03:30:01.548Z,0
2024-12-02T04:00:01.702Z,0
2024-12-02T04:30:01.822Z,0
2024-12-02T05:00:01.872Z,0
2024-12-02T05:30:02.236Z,0
2024-12-02T06:00:02.130Z,0
2024-12-02T06:30:02.564Z,0
2024-12-02T07:00:02.066Z,0
2024-12-02T07:30:02.442Z,0
2024-12-02T08:00:02.339Z,0
2024-12-02T08:30:02.440Z,0
2024-12-02T09:00:01.558Z,0
2024-12-02T09:30:01.720Z,0
2024-12-02T10:00:01.773Z,0
2024-12-02T10:30:01.732Z,0
2024-12-02T11:00:01.938Z,0
2024-12-02T11:30:02.021Z,1
2024-12-02T12:00:02.128Z,0
2024-12-02T12:30:02.343Z,2
2024-12-02T13:00:01.699Z,3
2024-12-02T13:30:01.822Z,11
2024-12-02T14:00:01.913Z,15
2024-12-02T14:30:02.140Z,7
2024-12-02T15:00:02.600Z,14
2024-12-02T15:30:01.736Z,11
2024-12-02T16:00:02.013Z,14
2024-12-02T16:30:02.245Z,15
2024-12-02T17:00:03.766Z,-1
2024-12-02T17:30:01.641Z,11
2024-12-02T18:00:02.365Z,-1
2024-12-02T18:30:02.128Z,7
2024-12-02T19:00:02.811Z,-1
2024-12-02T19:30:02.475Z,10
2024-12-02T20:00:03.723Z,-1
2024-12-02T20:30:02.505Z,15
2024-12-02T21:00:01.829Z,15
2024-12-02T21:30:02.076Z,12
2024-12-02T22:00:03.348Z,-1
2024-12-02T22:30:03.602Z,-1
2024-12-02T23:00:02.619Z,15
2024-12-02T23:30:02.945Z,-1
2024-12-03T00:00:02.105Z,15
2024-12-03T00:30:03.363Z,-1
2024-12-03T01:00:03.196Z,-1
2024-12-03T01:30:02.083Z,12
2024-12-03T02:00:01.812Z,11
2024-12-03T02:30:01.605Z,13
2024-12-03T03:00:02.458Z,15
2024-12-03T03:30:02.273Z,11
2024-12-03T04:00:02.044Z,5
2024-12-03T04:30:02.004Z,0
2024-12-03T05:00:01.704Z,0
2024-12-03T05:30:01.563Z,0
2024-12-03T06:00:02.525Z,0
2024-12-03T06:30:02.852Z,-1
2024-12-03T07:00:02.213Z,0
2024-12-03T07:30:02.075Z,0
2024-12-03T08:00:01.938Z,0
2024-12-03T08:30:01.795Z,0
2024-12-03T09:00:01.517Z,0
2024-12-03T09:30:01.602Z,0
2024-12-03T10:00:01.595Z,0
2024-12-03T10:30:01.894Z,0
2024-12-03T11:00:02.304Z,0
2024-12-03T11:30:01.563Z,0
2024-12-03T12:00:01.938Z,1
2024-12-03T12:30:02.012Z,0
2024-12-03T13:00:01.742Z,6
2024-12-03T13:30:01.787Z,7
2024-12-03T14:00:01.917Z,13
2024-12-03T14:30:01.985Z,12
2024-12-03T15:00:01.933Z,12
2024-12-03T15:30:01.779Z,12
2024-12-03T16:00:02.264Z,14
2024-12-03T16:30:01.690Z,11
2024-12-03T17:00:01.887Z,14
2024-12-03T17:30:01.655Z,13
2024-12-03T18:00:03.929Z,-1
2024-12-03T18:30:02.480Z,15
2024-12-03T19:00:02.353Z,13
2024-12-03T19:30:03.323Z,-1
2024-12-03T20:00:03.546Z,-1
2024-12-03T20:30:02.193Z,13
2024-12-03T21:00:02.030Z,12
2024-12-03T21:30:03.102Z,-1
2024-12-03T22:00:01.912Z,12
2024-12-03T22:30:02.492Z,15
2024-12-03T23:00:02.583Z,12
2024-12-03T23:30:02.179Z,8
2024-12-04T00:00:01.978Z,13
2024-12-04T00:30:01.839Z,15
2024-12-04T01:00:03.092Z,-1
2024-12-04T01:30:01.775Z,14
2024-12-04T02:00:01.764Z,8
2024-12-04T02:30:01.876Z,5
2024-12-04T03:00:01.589Z,6
2024-12-04T03:30:02.360Z,0
2024-12-04T04:00:02.303Z,0
2024-12-04T04:30:02.240Z,1
2024-12-04T05:00:01.876Z,0
2024-12-04T05:30:01.834Z,0
2024-12-04T06:00:01.660Z,0
2024-12-04T06:30:01.941Z,0
2024-12-04T07:00:02.216Z,0
2024-12-04T07:30:01.530Z,0
2024-12-04T08:00:01.604Z,0
2024-12-04T08:30:01.644Z,0
2024-12-04T09:00:01.947Z,0
2024-12-04T09:30:02.187Z,0
2024-12-04T10:00:02.264Z,1
2024-12-04T10:30:02.078Z,0
2024-12-04T11:00:02.099Z,0
2024-12-04T11:30:02.275Z,0
2024-12-04T12:00:02.230Z,1
2024-12-04T12:30:02.194Z,2
2024-12-04T13:00:02.393Z,10
2024-12-04T13:30:01.489Z,11
2024-12-04T14:00:01.560Z,12
2024-12-04T14:30:01.734Z,12
2024-12-04T15:00:01.970Z,14
2024-12-04T15:30:03.324Z,10
2024-12-04T16:00:02.308Z,9
2024-12-04T16:30:02.841Z,-1
2024-12-04T17:00:01.994Z,9
2024-12-04T17:30:02.334Z,15
2024-12-04T18:00:01.584Z,12
2024-12-04T18:30:02.464Z,-1
2024-12-04T19:00:02.607Z,-1
2024-12-04T19:30:02.463Z,12
2024-12-04T20:00:03.044Z,-1
2024-12-04T20:30:03.096Z,-1
2024-12-04T21:00:03.503Z,-1
2024-12-04T21:30:02.443Z,11
2024-12-04T22:00:03.376Z,-1
2024-12-04T22:30:02.456Z,12
2024-12-04T23:00:02.148Z,15
2024-12-04T23:30:02.492Z,15
2024-12-05T00:00:02.749Z,-1
2024-12-05T00:30:01.988Z,8
2024-12-05T01:00:02.066Z,13
2024-12-05T01:30:02.328Z,0
2024-12-05T02:00:02.071Z,2
2024-12-05T02:30:01.781Z,8
2024-12-05T03:00:02.587Z,11
2024-12-05T03:30:02.225Z,6
2024-12-05T04:00:01.652Z,1
2024-12-05T04:30:02.447Z,0
2024-12-05T05:00:02.394Z,0
2024-12-05T05:30:02.240Z,0
2024-12-05T06:00:01.882Z,0
2024-12-05T06:30:02.071Z,0
2024-12-05T07:00:01.791Z,0
2024-12-05T07:30:02.481Z,1
2024-12-05T08:00:02.176Z,0
2024-12-05T08:30:01.842Z,0
2024-12-05T09:00:01.764Z,0
2024-12-05T09:30:02.483Z,0
2024-12-05T10:00:07.266Z,-1
2024-12-05T10:30:02.191Z,0
2024-12-05T11:00:01.834Z,0
2024-12-05T11:30:03.126Z,0
2024-12-05T12:00:02.066Z,0
2024-12-05T12:30:01.536Z,2
2024-12-05T13:00:02.648Z,4
2024-12-05T13:30:02.295Z,2
2024-12-05T14:00:01.922Z,10
2024-12-05T14:30:02.496Z,-1
2024-12-05T15:00:02.221Z,11
2024-12-05T15:30:02.488Z,14
2024-12-05T16:00:01.917Z,15
2024-12-05T16:30:02.014Z,9
2024-12-05T17:00:02.257Z,11
2024-12-05T17:30:01.849Z,15
2024-12-05T18:00:02.299Z,15
2024-12-05T18:30:03.148Z,-1
2024-12-05T19:00:02.338Z,15
2024-12-05T19:30:01.641Z,15
2024-12-05T20:00:01.836Z,15
2024-12-05T20:30:03.477Z,-1
2024-12-05T21:00:02.277Z,15
2024-12-05T21:30:01.815Z,14
2024-12-05T22:00:03.398Z,-1
2024-12-05T22:30:02.699Z,15
2024-12-05T23:00:02.072Z,12
2024-12-05T23:30:02.394Z,14
2024-12-06T00:00:01.826Z,14
2024-12-06T00:30:01.954Z,10
2024-12-06T01:00:02.313Z,11
2024-12-06T01:30:01.541Z,1
2024-12-06T02:00:01.824Z,6
2024-12-06T02:30:01.865Z,15
2024-12-06T03:00:02.253Z,13
2024-12-06T03:30:02.275Z,6
2024-12-06T04:00:02.479Z,6
2024-12-06T04:30:01.939Z,2
2024-12-06T05:00:02.257Z,0
2024-12-06T05:30:01.732Z,3
2024-12-06T06:00:02.300Z,1
2024-12-06T06:30:01.658Z,1
2024-12-06T07:00:02.078Z,0
2024-12-06T07:30:01.636Z,0
2024-12-06T08:00:02.250Z,0
2024-12-06T08:30:01.491Z,0
2024-12-06T09:00:01.805Z,0
2024-12-06T09:30:02.140Z,2
2024-12-06T10:00:02.450Z,0
2024-12-06T10:30:01.813Z,0
2024-12-06T11:00:02.095Z,0
2024-12-06T11:30:02.328Z,0
2024-12-06T12:00:01.797Z,0
2024-12-06T12:30:02.140Z,2
2024-12-06T13:00:02.234Z,7
2024-12-06T13:30:02.428Z,10
2024-12-06T14:00:01.976Z,10
2024-12-06T14:30:02.215Z,13
2024-12-06T15:00:01.572Z,10
2024-12-06T15:30:01.905Z,10
2024-12-06T16:00:02.320Z,6
2024-12-06T16:30:03.007Z,-1
2024-12-06T17:00:02.059Z,7
2024-12-06T17:30:02.537Z,15
2024-12-06T18:00:03.300Z,-1
2024-12-06T18:30:03.624Z,-1
2024-12-06T19:00:03.762Z,-1
2024-12-06T19:30:03.812Z,-1
2024-12-06T20:00:02.072Z,12
2024-12-06T20:30:02.539Z,13
2024-12-06T21:00:01.807Z,13
2024-12-06T21:30:02.716Z,-1
2024-12-06T22:00:03.913Z,-1
2024-12-06T22:30:02.213Z,13
2024-12-06T23:00:03.652Z,-1
2024-12-06T23:30:01.744Z,7
2024-12-07T00:00:01.947Z,11
2024-12-07T00:30:01.732Z,15
2024-12-07T01:00:02.059Z,15
2024-12-07T01:30:01.765Z,5
2024-12-07T02:00:01.955Z,4
2024-12-07T02:30:02.306Z,4
2024-12-07T03:00:01.777Z,4
2024-12-07T03:30:02.485Z,1
2024-12-07T04:00:01.746Z,0
2024-12-07T04:30:02.652Z,2
2024-12-07T05:00:02.078Z,0
2024-12-07T05:30:02.261Z,0
2024-12-07T06:00:02.161Z,0
2024-12-07T06:30:02.059Z,0
2024-12-07T07:00:02.493Z,0
2024-12-07T07:30:02.211Z,0
2024-12-07T08:00:02.168Z,0
2024-12-07T08:30:02.500Z,0
2024-12-07T09:00:02.206Z,0
2024-12-07T09:30:01.703Z,0
2024-12-07T10:00:02.227Z,2
2024-12-07T10:30:01.691Z,2
2024-12-07T11:00:02.139Z,0
2024-12-07T11:30:01.478Z,0
2024-12-07T12:00:01.764Z,0
2024-12-07T12:30:02.918Z,-1
2024-12-07T13:00:01.872Z,3
2024-12-07T13:30:02.158Z,3
2024-12-07T14:00:02.651Z,10
2024-12-07T14:30:02.197Z,9
2024-12-07T15:00:01.861Z,5
2024-12-07T15:30:02.228Z,9
2024-12-07T16:00:01.762Z,7
2024-12-07T16:30:02.054Z,9
2024-12-07T17:00:01.506Z,15
2024-12-07T17:30:01.975Z,11
2024-12-07T18:00:02.304Z,7
2024-12-07T18:30:03.534Z,-1
2024-12-07T19:00:02.466Z,12
2024-12-07T19:30:01.879Z,12
2024-12-07T20:00:02.508Z,9
2024-12-07T20:30:01.851Z,10
2024-12-07T21:00:02.300Z,14
2024-12-07T21:30:01.824Z,7
2024-12-07T22:00:02.480Z,8
2024-12-07T22:30:01.882Z,11
2024-12-07T23:00:02.269Z,12
2024-12-07T23:30:01.695Z,10
2024-12-08T00:00:01.992Z,11
2024-12-08T00:30:03.187Z,-1
2024-12-08T01:00:02.707Z,-1
2024-12-08T01:30:03.763Z,-1
2024-12-08T02:00:01.945Z,9
2024-12-08T02:30:02.384Z,6
2024-12-08T03:00:01.927Z,3
2024-12-08T03:30:01.591Z,0
2024-12-08T04:00:02.123Z,0
2024-12-08T04:30:01.629Z,0
2024-12-08T05:00:02.283Z,0
2024-12-08T05:30:01.557Z,0
2024-12-08T06:00:02.051Z,0
2024-12-08T06:30:02.478Z,7
2024-12-08T07:00:02.687Z,-1
2024-12-08T07:30:03.083Z,-1
2024-12-08T08:00:01.978Z,0
2024-12-08T08:30:02.765Z,-1
2024-12-08T09:00:01.758Z,0
2024-12-08T09:30:02.072Z,0
2024-12-08T10:00:01.701Z,0
2024-12-08T10:30:01.880Z,0
2024-12-08T11:00:02.260Z,0
2024-12-08T11:30:01.542Z,0
2024-12-08T12:00:01.895Z,0
2024-12-08T12:30:02.382Z,1
2024-12-08T13:00:01.996Z,3
2024-12-08T13:30:02.239Z,6
2024-12-08T14:00:01.561Z,3
2024-12-08T14:30:02.059Z,9
2024-12-08T15:00:02.479Z,8
2024-12-08T15:30:01.957Z,8
2024-12-08T16:00:02.140Z,9
2024-12-08T16:30:02.020Z,9
2024-12-08T17:00:02.290Z,15
2024-12-08T17:30:01.992Z,12
2024-12-08T18:00:02.351Z,11
2024-12-08T18:30:02.208Z,8
2024-12-08T19:00:01.904Z,10
2024-12-08T19:30:01.797Z,15
2024-12-08T20:00:02.424Z,7
2024-12-08T20:30:02.230Z,9
2024-12-08T21:00:02.075Z,15
2024-12-08T21:30:02.021Z,9
2024-12-08T22:00:01.919Z,10
2024-12-08T22:30:02.450Z,9
2024-12-08T23:00:02.088Z,15
2024-12-08T23:30:01.691Z,15
2024-12-09T00:00:03.430Z,-1
2024-12-09T00:30:01.840Z,6
2024-12-09T01:00:02.554Z,12
2024-12-09T01:30:02.127Z,8
2024-12-09T02:00:02.124Z,5
2024-12-09T02:30:01.619Z,5
2024-12-09T03:00:02.651Z,5
2024-12-09T03:30:02.315Z,0
2024-12-09T04:00:01.780Z,0
2024-12-09T04:30:02.401Z,0
2024-12-09T05:00:02.180Z,0
2024-12-09T05:30:01.833Z,0
2024-12-09T06:00:02.297Z,0
2024-12-09T06:30:02.047Z,0
2024-12-09T07:00:01.588Z,0
2024-12-09T07:30:02.257Z,0
2024-12-09T08:00:01.853Z,0
2024-12-09T08:30:01.529Z,0
2024-12-09T09:00:02.169Z,0
2024-12-09T09:30:01.706Z,0
2024-12-09T10:00:02.313Z,0
2024-12-09T10:30:01.997Z,0
2024-12-09T11:00:01.559Z,0
2024-12-09T11:30:02.264Z,0
2024-12-09T12:00:01.679Z,0
2024-12-09T12:30:02.201Z,3
2024-12-09T13:00:01.695Z,7
2024-12-09T13:30:02.360Z,6
2024-12-09T14:00:02.139Z,1
2024-12-09T14:30:01.800Z,3
2024-12-09T15:00:02.888Z,-1
2024-12-09T15:30:02.186Z,10
2024-12-09T16:00:02.282Z,-1
2024-12-09T16:30:02.278Z,14
2024-12-09T17:00:02.673Z,-1
2024-12-09T17:30:03.832Z,-1
2024-12-09T18:00:01.901Z,8
2024-12-09T18:30:01.768Z,15
2024-12-09T19:00:01.679Z,12
2024-12-09T19:30:02.163Z,12
2024-12-09T20:00:01.778Z,10
2024-12-09T20:30:02.423Z,9
2024-12-09T21:00:01.769Z,7
2024-12-09T21:30:02.204Z,10
2024-12-09T22:00:01.640Z,7
2024-12-09T22:30:02.239Z,10
2024-12-09T23:00:01.799Z,14
2024-12-09T23:30:03.787Z,-1
2024-12-10T00:00:01.938Z,13
2024-12-10T00:30:01.564Z,7
2024-12-10T01:00:02.074Z,12
2024-12-10T01:30:02.403Z,8
2024-12-10T02:00:02.063Z,11
2024-12-10T02:30:01.696Z,6
2024-12-10T03:00:01.862Z,9
2024-12-10T03:30:02.016Z,5
2024-12-10T04:00:02.347Z,0
2024-12-10T04:30:02.173Z,0
2024-12-10T05:00:01.606Z,0
2024-12-10T05:30:02.137Z,0
2024-12-10T06:00:01.690Z,0
2024-12-10T06:30:03.011Z,-1
2024-12-10T07:00:02.128Z,0
2024-12-10T07:30:01.839Z,0
2024-12-10T08:00:01.471Z,0
2024-12-10T08:30:02.192Z,0
2024-12-10T09:00:01.877Z,0
2024-12-10T09:30:01.512Z,0
2024-12-10T10:00:02.377Z,0
2024-12-10T10:30:01.965Z,0
2024-12-10T11:00:02.264Z,0
2024-12-10T11:30:01.731Z,0
2024-12-10T12:00:02.466Z,0
2024-12-10T12:30:01.711Z,0
2024-12-10T13:00:02.258Z,4
2024-12-10T13:30:02.096Z,6
2024-12-10T14:00:01.512Z,8
2024-12-10T14:30:03.672Z,-1
2024-12-10T15:00:01.744Z,11
2024-12-10T15:30:02.257Z,10
2024-12-10T16:00:01.647Z,13
2024-12-10T16:30:02.257Z,10
2024-12-10T17:00:01.867Z,15
2024-12-10T17:30:01.919Z,14
2024-12-10T18:00:02.240Z,14
2024-12-10T18:30:02.011Z,8
2024-12-10T19:00:01.535Z,10
2024-12-10T19:30:03.235Z,-1
2024-12-10T20:00:02.647Z,11
2024-12-10T20:30:03.536Z,-1
2024-12-10T21:00:02.969Z,-1
2024-12-10T21:30:03.377Z,-1
2024-12-10T22:00:01.669Z,14
2024-12-10T22:30:03.574Z,-1
2024-12-10T23:00:01.926Z,15
2024-12-10T23:30:03.684Z,-1
2024-12-11T00:00:03.008Z,-1
2024-12-11T00:30:02.367Z,13
2024-12-11T01:00:03.069Z,-1
2024-12-11T01:30:02.239Z,9
2024-12-11T02:00:01.760Z,9
2024-12-11T02:30:02.466Z,7
2024-12-11T03:00:02.282Z,7
2024-12-11T03:30:01.977Z,5
2024-12-11T04:00:01.615Z,6
2024-12-11T04:30:02.727Z,-1
2024-12-11T05:00:02.448Z,0
2024-12-11T05:30:01.832Z,0
2024-12-11T06:00:01.672Z,0
2024-12-11T06:30:01.903Z,0
2024-12-11T07:00:01.465Z,0
2024-12-11T07:30:01.949Z,0
2024-12-11T08:00:02.233Z,0
2024-12-11T08:30:02.305Z,0
2024-12-11T09:00:02.403Z,0
2024-12-11T09:30:01.753Z,0
2024-12-11T10:00:01.758Z,0
2024-12-11T10:30:01.859Z,0
2024-12-11T11:00:02.070Z,0
2024-12-11T11:30:02.313Z,0
2024-12-11T12:00:01.457Z,0
2024-12-11T12:30:01.730Z,0
2024-12-11T13:00:01.776Z,6
2024-12-11T13:30:01.935Z,9
2024-12-11T14:00:02.070Z,11
2024-12-11T14:30:02.282Z,15
2024-12-11T15:00:02.385Z,13
2024-12-11T15:30:02.490Z,15
2024-12-11T16:00:01.727Z,14
2024-12-11T16:30:01.849Z,13
2024-12-11T17:00:03.415Z,-1
2024-12-11T17:30:03.157Z,-1
2024-12-11T18:00:03.384Z,-1
2024-12-11T18:30:02.173Z,12
2024-12-11T19:00:02.362Z,9
2024-12-11T19:30:03.834Z,-1
2024-12-11T20:00:02.097Z,7
2024-12-11T20:30:02.464Z,11
2024-12-11T21:00:02.045Z,15
2024-12-11T21:30:02.365Z,15
2024-12-11T22:00:02.961Z,-1
2024-12-11T22:30:02.189Z,13
2024-12-11T23:00:01.757Z,14
2024-12-11T23:30:02.236Z,9
2024-12-12T00:00:02.687Z,15
2024-12-12T00:30:03.226Z,-1
2024-12-12T01:00:02.504Z,13
2024-12-12T01:30:01.997Z,3
2024-12-12T02:00:02.648Z,9
2024-12-12T02:30:01.966Z,12
2024-12-12T03:00:02.416Z,11
2024-12-12T03:30:02.852Z,-1
2024-12-12T04:00:01.666Z,3
2024-12-12T04:30:02.187Z,4
2024-12-12T05:00:01.642Z,0
2024-12-12T05:30:02.311Z,0
2024-12-12T06:00:02.009Z,0
2024-12-12T06:30:02.414Z,0
2024-12-12T07:00:01.887Z,0
2024-12-12T07:30:02.510Z,0
2024-12-12T08:00:02.094Z,0
2024-12-12T08:30:01.740Z,0
2024-12-12T09:00:02.197Z,0
2024-12-12T09:30:01.803Z,0
2024-12-12T10:00:01.600Z,0
2024-12-12T10:30:02.053Z,0
2024-12-12T11:00:02.462Z,0
2024-12-12T11:30:02.074Z,0
2024-12-12T12:00:01.791Z,0
2024-12-12T12:30:02.427Z,0
2024-12-12T13:00:02.152Z,4
2024-12-12T13:30:02.531Z,9
2024-12-12T14:00:02.089Z,9
2024-12-12T14:30:01.770Z,13
2024-12-12T15:00:02.128Z,13
2024-12-12T15:30:02.528Z,15
2024-12-12T16:00:01.785Z,13
2024-12-12T16:30:02.482Z,14
2024-12-12T17:00:03.681Z,-1
2024-12-12T17:30:02.793Z,-1
2024-12-12T18:00:03.464Z,-1
2024-12-12T18:30:02.423Z,15
2024-12-12T19:00:02.012Z,9
2024-12-12T19:30:02.449Z,11
2024-12-12T20:00:02.100Z,14
2024-12-12T20:30:02.374Z,3
2024-12-12T21:00:01.696Z,2
2024-12-12T21:30:02.264Z,11
2024-12-12T22:00:03.048Z,-1
2024-12-12T22:30:03.743Z,-1
2024-12-12T23:00:03.276Z,-1
2024-12-12T23:30:02.962Z,-1
2024-12-13T00:00:03.735Z,-1
2024-12-13T00:30:02.133Z,14
2024-12-13T01:00:02.317Z,14
2024-12-13T01:30:03.296Z,-1
2024-12-13T02:30:01.520Z,8
2024-12-13T03:00:02.321Z,-1
2024-12-13T03:30:02.193Z,10
2024-12-13T04:00:02.389Z,4
2024-12-13T04:30:01.875Z,0
2024-12-13T05:00:02.506Z,1
2024-12-13T05:30:01.832Z,4
2024-12-13T06:00:01.953Z,0
2024-12-13T06:30:02.287Z,0
2024-12-13T07:00:02.510Z,0
2024-12-13T07:30:01.713Z,0
2024-12-13T08:00:01.895Z,0
2024-12-13T08:30:02.034Z,3
2024-12-13T09:00:02.328Z,0
2024-12-13T09:30:01.772Z,0
2024-12-13T10:00:02.104Z,0
2024-12-13T10:30:02.137Z,0
2024-12-13T11:00:02.376Z,0
2024-12-13T11:30:01.536Z,0
2024-12-13T12:00:01.785Z,0
2024-12-13T12:30:02.013Z,1
2024-12-13T13:00:02.221Z,7
2024-12-13T13:30:02.505Z,4
2024-12-13T14:00:01.550Z,5
2024-12-13T14:30:01.973Z,10
2024-12-13T15:00:02.249Z,13
2024-12-13T15:30:02.661Z,14
2024-12-13T16:00:02.161Z,12
2024-12-13T16:30:02.213Z,8
2024-12-13T17:00:02.940Z,-1
2024-12-13T17:30:03.034Z,-1
2024-12-13T18:00:01.987Z,13
2024-12-13T18:30:02.060Z,12
2024-12-13T19:00:03.539Z,-1
2024-12-13T19:30:02.536Z,13
2024-12-13T20:00:01.853Z,11
2024-12-13T20:30:02.162Z,9
2024-12-13T21:00:02.153Z,7
2024-12-13T21:30:02.531Z,14
2024-12-13T22:00:03.120Z,-1
2024-12-13T22:30:01.852Z,15
2024-12-13T23:00:02.241Z,3
2024-12-13T23:30:02.246Z,5
2024-12-14T00:00:01.791Z,7
2024-12-14T00:30:01.968Z,13
2024-12-14T01:00:02.448Z,12
2024-12-14T01:30:03.250Z,-1
2024-12-14T02:00:02.306Z,14
2024-12-14T02:30:02.940Z,-1
2024-12-14T03:00:01.944Z,3
2024-12-14T03:30:02.720Z,-1
2024-12-14T04:00:01.675Z,3
2024-12-14T04:30:02.029Z,4
2024-12-14T05:00:02.235Z,4
2024-12-14T05:30:02.412Z,0
2024-12-14T06:00:01.839Z,10
2024-12-14T06:30:02.180Z,0
2024-12-14T07:00:01.504Z,0
2024-12-14T07:30:01.873Z,0
2024-12-14T08:00:02.061Z,0
2024-12-14T08:30:02.228Z,0
2024-12-14T09:00:01.573Z,0
2024-12-14T09:30:01.960Z,0
2024-12-14T10:00:02.360Z,0
2024-12-14T10:30:01.556Z,0
2024-12-14T11:00:01.758Z,0
2024-12-14T11:30:01.772Z,0
2024-12-14T12:00:01.707Z,0
2024-12-14T12:30:02.253Z,0
2024-12-14T13:00:01.486Z,2
2024-12-14T13:30:01.631Z,0
2024-12-14T14:00:01.780Z,1
2024-12-14T14:30:02.070Z,9
2024-12-14T15:00:01.417Z,6
2024-12-14T15:30:01.944Z,11
2024-12-14T16:00:03.709Z,-1
2024-12-14T16:30:01.604Z,13
2024-12-14T17:00:01.714Z,14
2024-12-14T17:30:01.882Z,13
2024-12-14T18:00:02.291Z,15
2024-12-14T18:30:01.673Z,13
2024-12-14T19:00:02.047Z,6
2024-12-14T19:30:02.483Z,6
2024-12-14T20:00:01.695Z,7
2024-12-14T20:30:01.937Z,6
2024-12-14T21:00:02.286Z,7
2024-12-14T21:30:01.533Z,15
2024-12-14T22:00:02.491Z,-1
2024-12-14T22:30:02.795Z,-1
2024-12-14T23:00:01.645Z,7
2024-12-14T23:30:01.684Z,3
2024-12-15T00:00:01.841Z,5
2024-12-15T00:30:02.206Z,12
2024-12-15T01:00:02.365Z,9
2024-12-15T01:30:01.734Z,2
2024-12-15T02:00:01.993Z,8
2024-12-15T02:30:02.235Z,11
2024-12-15T03:00:02.469Z,3
2024-12-15T03:30:01.786Z,0
2024-12-15T04:00:01.872Z,5
2024-12-15T04:30:02.325Z,0
2024-12-15T05:00:03.102Z,-1
2024-12-15T05:30:03.233Z,-1
2024-12-15T06:00:02.396Z,14
2024-12-15T06:30:02.532Z,0
2024-12-15T07:00:01.676Z,2
2024-12-15T07:30:02.015Z,2
2024-12-15T08:00:02.367Z,2
2024-12-15T08:30:01.580Z,3
2024-12-15T09:00:01.804Z,0
2024-12-15T09:30:02.108Z,0
2024-12-15T10:00:02.431Z,0
2024-12-15T10:30:01.544Z,0
2024-12-15T11:00:01.756Z,0
2024-12-15T11:30:01.929Z,0
2024-12-15T12:00:02.588Z,0
2024-12-15T12:30:01.501Z,4
2024-12-15T13:00:01.539Z,2
2024-12-15T13:30:01.815Z,3
2024-12-15T14:00:01.999Z,5
2024-12-15T14:30:02.191Z,2
2024-12-15T15:00:01.605Z,10
2024-12-15T15:30:01.774Z,13
2024-12-15T16:00:02.207Z,15
2024-12-15T16:30:02.446Z,15
2024-12-15T17:00:01.698Z,14
2024-12-15T17:30:02.499Z,-1
2024-12-15T18:00:02.289Z,11
2024-12-15T18:30:01.660Z,12
2024-12-15T19:00:03.325Z,-1
2024-12-15T19:30:03.228Z,-1
2024-12-15T20:00:02.242Z,13
2024-12-15T20:30:02.315Z,14
2024-12-15T21:00:03.013Z,-1
2024-12-15T21:30:01.692Z,9
2024-12-15T22:00:02.223Z,15
2024-12-15T22:30:02.608Z,14
2024-12-15T23:00:03.098Z,-1
2024-12-15T23:30:02.068Z,11
2024-12-16T00:00:02.032Z,4
2024-12-16T00:30:01.525Z,5
2024-12-16T01:00:02.143Z,12
2024-12-16T01:30:01.613Z,15
2024-12-16T02:00:03.169Z,-1
2024-12-16T02:30:02.278Z,10
2024-12-16T03:00:01.573Z,2
2024-12-16T03:30:01.802Z,5
2024-12-16T04:00:01.907Z,11
2024-12-16T04:30:02.139Z,5
2024-12-16T05:00:02.405Z,0
2024-12-16T05:30:01.490Z,0
2024-12-16T06:00:01.856Z,0
2024-12-16T06:30:02.055Z,0
2024-12-16T07:00:02.329Z,0
2024-12-16T07:30:01.717Z,0
2024-12-16T08:00:01.877Z,0
2024-12-16T08:30:02.050Z,0
2024-12-16T09:00:02.354Z,0
2024-12-16T09:30:01.466Z,0
2024-12-16T10:00:01.842Z,0
2024-12-16T10:30:02.237Z,0
2024-12-16T11:00:02.338Z,0
2024-12-16T11:30:01.650Z,0
2024-12-16T12:00:01.927Z,0
2024-12-16T12:30:02.164Z,0
2024-12-16T13:00:02.369Z,8
2024-12-16T13:30:01.675Z,6
2024-12-16T14:00:01.920Z,11
2024-12-16T14:30:02.054Z,9
2024-12-16T15:00:02.266Z,10
2024-12-16T15:30:01.603Z,15
2024-12-16T16:00:01.893Z,11
2024-12-16T16:30:02.250Z,7
2024-12-16T17:00:02.348Z,8
2024-12-16T17:30:01.760Z,15
2024-12-16T18:00:02.073Z,9
2024-12-16T18:30:03.725Z,-1
2024-12-16T19:00:01.657Z,13
2024-12-16T19:30:01.832Z,7
2024-12-16T20:00:02.529Z,8
2024-12-16T20:30:02.159Z,8
2024-12-16T21:00:03.758Z,-1
2024-12-16T21:30:02.221Z,13
2024-12-16T22:00:02.280Z,15
2024-12-16T22:30:02.112Z,14
2024-12-16T23:00:01.575Z,14
2024-12-16T23:30:01.715Z,15
2024-12-17T00:00:02.184Z,13
2024-12-17T00:30:02.010Z,15
2024-12-17T01:00:02.161Z,15
2024-12-17T01:30:01.917Z,7
2024-12-17T02:00:01.892Z,9
2024-12-17T02:30:02.001Z,7
2024-12-17T03:00:01.853Z,14
2024-12-17T03:30:02.200Z,14
2024-12-17T04:00:01.984Z,5
2024-12-17T04:30:01.884Z,4
2024-12-17T05:00:01.925Z,0
2024-12-17T05:30:01.760Z,0
2024-12-17T06:00:01.706Z,0
2024-12-17T06:30:01.580Z,0
2024-12-17T07:00:02.348Z,0
2024-12-17T07:30:01.949Z,0
2024-12-17T08:00:02.081Z,0
2024-12-17T08:30:02.025Z,0
2024-12-17T09:00:02.057Z,0
2024-12-17T09:30:01.857Z,0
2024-12-17T10:00:02.101Z,0
2024-12-17T10:30:02.623Z,-1
2024-12-17T11:00:01.829Z,0
2024-12-17T11:30:01.901Z,0
2024-12-17T12:00:01.725Z,0
2024-12-17T12:30:01.900Z,0
2024-12-17T13:00:01.934Z,6
2024-12-17T13:30:01.553Z,4
2024-12-17T14:00:02.382Z,10
2024-12-17T14:30:01.727Z,11
2024-12-17T15:00:02.090Z,7
2024-12-17T15:30:02.147Z,14
2024-12-17T16:00:03.191Z,-1
2024-12-17T16:30:03.835Z,-1
2024-12-17T17:00:02.132Z,-1
2024-12-17T18:00:01.830Z,15
2024-12-17T18:30:01.677Z,14
2024-12-17T19:00:01.755Z,5
2024-12-17T19:30:01.521Z,11
2024-12-17T20:00:01.497Z,13
2024-12-17T20:30:03.643Z,-1
2024-12-17T21:00:02.286Z,15
2024-12-17T21:30:03.457Z,-1
2024-12-17T22:00:02.147Z,14
2024-12-17T22:30:03.808Z,-1
2024-12-17T23:00:01.778Z,15
2024-12-17T23:30:03.320Z,-1
2024-12-18T00:00:02.364Z,15
2024-12-18T00:30:01.915Z,3
2024-12-18T01:00:02.014Z,9
2024-12-18T01:30:02.159Z,0
2024-12-18T02:00:02.079Z,10
2024-12-18T02:30:02.368Z,14
2024-12-18T03:00:02.211Z,10
2024-12-18T03:30:01.804Z,1
2024-12-18T04:00:02.361Z,0
2024-12-18T04:30:01.723Z,0
2024-12-18T05:00:01.989Z,2
2024-12-18T05:30:02.444Z,0
2024-12-18T06:00:01.929Z,0
2024-12-18T06:30:02.136Z,0
2024-12-18T07:00:02.434Z,0
2024-12-18T07:30:02.187Z,0
2024-12-18T08:00:01.716Z,0
2024-12-18T08:30:02.149Z,0
2024-12-18T09:00:02.277Z,0
2024-12-18T09:30:01.660Z,0
2024-12-18T10:00:02.053Z,0
2024-12-18T10:30:02.266Z,0
2024-12-18T11:00:02.357Z,0
2024-12-18T11:30:01.727Z,0
2024-12-18T12:00:02.209Z,1
2024-12-18T12:30:02.182Z,0
2024-12-18T13:00:02.541Z,5
2024-12-18T13:30:01.839Z,4
2024-12-18T14:00:02.349Z,11
2024-12-18T14:30:02.029Z,13
2024-12-18T15:00:02.035Z,15
2024-12-18T15:30:02.370Z,14
2024-12-18T16:00:03.191Z,-1
2024-12-18T16:30:03.576Z,-1
2024-12-18T17:00:02.153Z,7
2024-12-18T17:30:01.680Z,9
2024-12-18T18:00:02.366Z,15
2024-12-18T18:30:01.953Z,15
2024-12-18T19:00:02.457Z,12
2024-12-18T19:30:02.258Z,-1
2024-12-18T20:00:01.897Z,13
2024-12-18T20:30:02.337Z,11
2024-12-18T21:00:01.432Z,15
2024-12-18T21:30:01.611Z,15
2024-12-18T22:00:01.961Z,14
2024-12-18T22:30:03.315Z,-1
2024-12-18T23:00:03.430Z,-1
2024-12-18T23:30:01.980Z,10
2024-12-19T00:00:01.902Z,6
2024-12-19T00:30:02.285Z,12
2024-12-19T01:00:02.277Z,7
2024-12-19T01:30:03.444Z,-1
2024-12-19T02:00:02.035Z,6
2024-12-19T02:30:01.814Z,7
2024-12-19T03:00:01.667Z,8
2024-12-19T03:30:01.693Z,0
2024-12-19T04:00:01.610Z,5
2024-12-19T04:30:01.653Z,0
2024-12-19T05:00:01.642Z,0
2024-12-19T05:30:02.228Z,-1
2024-12-19T06:00:01.744Z,0
2024-12-19T06:30:01.729Z,0
2024-12-19T07:00:01.746Z,0
2024-12-19T07:30:02.052Z,0
2024-12-19T08:00:02.033Z,2
2024-12-19T08:30:02.004Z,0
2024-12-19T09:00:01.852Z,0
2024-12-19T09:30:01.829Z,0
2024-12-19T10:00:01.604Z,0
2024-12-19T10:30:01.511Z,1
2024-12-19T11:00:02.403Z,0
2024-12-19T11:30:01.669Z,0
2024-12-19T12:00:01.497Z,0
2024-12-19T12:30:02.466Z,1
2024-12-19T13:00:02.423Z,6
2024-12-19T13:30:02.200Z,9
2024-12-19T14:00:03.460Z,-1
2024-12-19T14:30:02.146Z,11
2024-12-19T15:00:01.982Z,12
2024-12-19T15:30:03.042Z,-1
2024-12-19T16:00:02.402Z,-1
2024-12-19T16:30:01.888Z,15
2024-12-19T17:00:01.791Z,15
2024-12-19T17:30:01.593Z,10
2024-12-19T18:00:01.471Z,10
2024-12-19T18:30:03.057Z,-1
2024-12-19T19:00:01.691Z,15
2024-12-19T19:30:01.550Z,15
2024-12-19T20:00:01.805Z,4
2024-12-19T20:30:01.941Z,6
2024-12-19T21:00:02.095Z,4
2024-12-19T21:30:01.735Z,13
2024-12-19T22:00:03.157Z,-1
2024-12-19T22:30:03.209Z,-1
2024-12-19T23:00:03.213Z,-1
2024-12-19T23:30:01.897Z,14
2024-12-20T00:00:01.819Z,14
2024-12-20T00:30:02.082Z,7
2024-12-20T01:00:03.573Z,-1
2024-12-20T01:30:02.176Z,11
2024-12-20T02:00:02.106Z,14
2024-12-20T02:30:02.113Z,15
2024-12-20T03:00:02.140Z,10
2024-12-20T03:30:02.891Z,-1
2024-12-20T04:00:02.265Z,0
2024-12-20T04:30:02.497Z,3
2024-12-20T05:00:02.372Z,2
2024-12-20T05:30:02.284Z,2
2024-12-20T06:00:02.487Z,0
2024-12-20T06:30:01.644Z,0
2024-12-20T07:00:01.635Z,0
2024-12-20T07:30:02.347Z,0
2024-12-20T08:00:02.308Z,0
2024-12-20T08:30:02.210Z,0
2024-12-20T09:00:02.301Z,0
2024-12-20T09:30:02.226Z,0
2024-12-20T10:00:01.468Z,0
2024-12-20T10:30:01.803Z,0
2024-12-20T11:00:02.336Z,0
2024-12-20T11:30:01.529Z,0
2024-12-20T12:00:01.747Z,2
2024-12-20T12:30:01.839Z,0
2024-12-20T13:00:02.023Z,6
2024-12-20T13:30:01.824Z,6
2024-12-20T14:00:01.612Z,5
2024-12-20T14:30:02.376Z,10
2024-12-20T15:00:01.534Z,14
2024-12-20T15:30:02.376Z,12
2024-12-20T16:00:02.345Z,9
2024-12-20T16:30:03.688Z,-1
2024-12-20T17:00:03.747Z,-1
2024-12-20T17:30:02.384Z,15
2024-12-20T18:00:03.116Z,-1
2024-12-20T18:30:03.357Z,-1
2024-12-20T19:00:02.377Z,15
2024-12-20T19:30:02.330Z,15
2024-12-20T20:00:02.258Z,12
2024-12-20T20:30:03.752Z,-1
2024-12-20T21:00:03.853Z,-1
2024-12-20T21:30:02.316Z,13
2024-12-20T22:00:02.749Z,-1
2024-12-20T22:30:01.532Z,15
2024-12-20T23:00:01.530Z,8
2024-12-20T23:30:01.702Z,0
2024-12-21T00:00:01.874Z,8
2024-12-21T00:30:02.227Z,12
2024-12-21T01:00:01.488Z,13
2024-12-21T01:30:01.559Z,15
2024-12-21T02:00:01.633Z,12
2024-12-21T02:30:02.509Z,14
2024-12-21T03:00:01.471Z,5
2024-12-21T03:30:02.317Z,1
2024-12-21T04:00:02.152Z,0
2024-12-21T04:30:02.108Z,0
2024-12-21T05:00:02.039Z,0
2024-12-21T05:30:01.587Z,0
2024-12-21T06:00:02.534Z,0
2024-12-21T06:30:02.469Z,0
2024-12-21T07:00:01.589Z,0
2024-12-21T07:30:01.594Z,0
2024-12-21T08:00:01.625Z,0
2024-12-21T08:30:01.713Z,0
2024-12-21T09:00:01.710Z,0
2024-12-21T09:30:01.797Z,0
2024-12-21T10:00:01.743Z,0
2024-12-21T10:30:01.619Z,0
2024-12-21T11:00:02.456Z,0
2024-12-21T11:30:02.178Z,0
2024-12-21T12:00:02.079Z,1
2024-12-21T12:30:02.076Z,3
2024-12-21T13:00:01.844Z,7
2024-12-21T13:30:01.416Z,5
2024-12-21T14:00:02.206Z,7
2024-12-21T14:30:02.147Z,7
2024-12-21T15:00:02.086Z,3
2024-12-21T15:30:01.400Z,6
2024-12-21T16:00:02.377Z,12
2024-12-21T16:30:02.442Z,13
2024-12-21T17:00:02.474Z,11
2024-12-21T17:30:02.133Z,8
2024-12-21T18:00:01.967Z,13
2024-12-21T18:30:01.856Z,4
2024-12-21T19:00:01.769Z,0
2024-12-21T19:30:01.715Z,11
2024-12-21T20:00:02.876Z,-1
2024-12-21T20:30:01.652Z,15
2024-12-21T21:00:02.881Z,-1
2024-12-21T21:30:02.321Z,14
2024-12-21T22:00:03.511Z,-1
2024-12-21T22:30:03.597Z,-1
2024-12-21T23:00:03.471Z,-1
2024-12-21T23:30:01.864Z,6
2024-12-22T00:00:01.583Z,9
2024-12-22T00:30:01.730Z,13
2024-12-22T01:00:01.562Z,15
2024-12-22T01:30:02.364Z,12
2024-12-22T02:00:03.692Z,-1
2024-12-22T02:30:03.531Z,-1
2024-12-22T03:00:03.484Z,-1
2024-12-22T03:30:02.141Z,3
2024-12-22T04:00:02.073Z,1
2024-12-22T04:30:02.098Z,0
2024-12-22T05:00:01.804Z,3
2024-12-22T05:30:01.616Z,3
2024-12-22T06:00:01.513Z,5
2024-12-22T06:30:02.222Z,4
2024-12-22T07:00:02.403Z,3
2024-12-22T07:30:02.231Z,0
2024-12-22T08:00:02.190Z,2
2024-12-22T08:30:01.910Z,3
2024-12-22T09:00:01.921Z,0
2024-12-22T09:30:01.578Z,0
2024-12-22T10:00:02.362Z,0
2024-12-22T10:30:02.170Z,0
2024-12-22T11:00:02.136Z,0
2024-12-22T11:30:01.956Z,0
2024-12-22T12:00:02.035Z,0
2024-12-22T12:30:01.929Z,0
2024-12-22T13:00:01.557Z,4
2024-12-22T13:30:02.261Z,-1
2024-12-22T14:00:01.422Z,0
2024-12-22T14:30:02.440Z,1
2024-12-22T15:00:02.509Z,6
2024-12-22T15:30:02.397Z,4
2024-12-22T16:00:02.087Z,4
2024-12-22T16:30:02.126Z,2
2024-12-22T17:00:01.905Z,0
2024-12-22T17:30:02.997Z,-1
2024-12-22T18:00:02.287Z,14
2024-12-22T18:30:03.691Z,-1
2024-12-22T19:00:02.470Z,13
2024-12-22T19:30:02.896Z,-1
2024-12-22T20:00:01.968Z,9
2024-12-22T20:30:01.876Z,13
2024-12-22T21:00:01.663Z,7
2024-12-22T21:30:01.453Z,5
2024-12-22T22:00:01.526Z,14
2024-12-22T22:30:02.416Z,15
2024-12-22T23:00:02.388Z,10
2024-12-22T23:30:02.234Z,11
2024-12-23T00:00:02.047Z,7
2024-12-23T00:30:02.191Z,10
2024-12-23T01:00:03.764Z,-1
2024-12-23T01:30:03.626Z,-1
2024-12-23T02:00:02.164Z,15
2024-12-23T02:30:03.196Z,-1
2024-12-23T03:00:02.384Z,-1
2024-12-23T03:30:02.377Z,-1
2024-12-23T04:00:02.437Z,-1
2024-12-23T04:30:02.534Z,-1
2024-12-23T05:00:02.518Z,-1
2024-12-23T05:30:02.374Z,-1
2024-12-23T06:00:02.391Z,-1
2024-12-23T06:30:01.914Z,0
2024-12-23T07:00:02.309Z,0
2024-12-23T07:30:01.686Z,0
2024-12-23T08:00:01.839Z,0
2024-12-23T08:30:02.192Z,0
2024-12-23T09:00:02.398Z,0
2024-12-23T09:30:01.904Z,0
2024-12-23T10:00:02.114Z,0
2024-12-23T10:30:02.278Z,0
2024-12-23T11:00:01.825Z,0
2024-12-23T11:30:02.221Z,0
2024-12-23T12:00:01.512Z,0
2024-12-23T12:30:01.817Z,0
2024-12-23T13:00:02.573Z,2
2024-12-23T13:30:01.943Z,3
2024-12-23T14:00:02.219Z,8
2024-12-23T14:30:01.778Z,8
2024-12-23T15:00:03.440Z,-1
2024-12-23T15:30:01.515Z,15
2024-12-23T16:00:01.608Z,0
2024-12-23T16:30:01.912Z,10
2024-12-23T17:00:01.952Z,14
2024-12-23T17:30:02.369Z,14
2024-12-23T18:00:02.965Z,-1
2024-12-23T18:30:01.440Z,14
2024-12-23T19:00:03.233Z,-1
2024-12-23T19:30:01.947Z,11
2024-12-23T20:00:01.899Z,14
2024-12-23T20:30:03.280Z,-1
2024-12-23T21:00:03.459Z,-1
2024-12-23T21:30:01.643Z,14
2024-12-23T22:00:01.994Z,11
2024-12-23T22:30:02.025Z,4
2024-12-23T23:00:02.245Z,4
2024-12-23T23:30:02.300Z,9
2024-12-24T00:00:02.367Z,7
2024-12-24T00:30:03.356Z,-1
2024-12-24T01:00:02.859Z,-1
2024-12-24T01:30:01.871Z,5
2024-12-24T02:00:02.148Z,2
2024-12-24T02:30:02.398Z,7
2024-12-24T03:00:01.898Z,6
2024-12-24T03:30:01.885Z,0
2024-12-24T04:00:02.230Z,2
2024-12-24T04:30:02.813Z,-1
2024-12-24T05:00:02.132Z,3
2024-12-24T05:30:02.504Z,1
2024-12-24T06:00:01.481Z,0
2024-12-24T06:30:01.582Z,0
2024-12-24T07:00:02.148Z,-1
2024-12-24T07:30:02.450Z,0
2024-12-24T08:00:02.516Z,3
2024-12-24T08:30:01.604Z,0
2024-12-24T09:00:01.695Z,0
2024-12-24T09:30:01.611Z,0
2024-12-24T10:00:01.492Z,0
2024-12-24T10:30:01.604Z,0
2024-12-24T11:00:01.729Z,0
2024-12-24T11:30:01.784Z,0
2024-12-24T12:00:01.585Z,0
2024-12-24T12:30:01.800Z,0
2024-12-24T13:00:01.891Z,2
2024-12-24T13:30:01.889Z,0
2024-12-24T14:00:02.915Z,-1
2024-12-24T14:30:01.858Z,8
2024-12-24T15:00:02.243Z,0
2024-12-24T15:30:02.348Z,10
2024-12-24T16:00:01.575Z,13
2024-12-24T16:30:03.639Z,-1
2024-12-24T17:00:01.992Z,11
2024-12-24T17:30:02.247Z,9
2024-12-24T18:00:01.717Z,11
2024-12-24T18:30:02.320Z,13
2024-12-24T19:00:02.146Z,15
2024-12-24T19:30:03.752Z,-1
2024-12-24T20:00:01.918Z,8
2024-12-24T20:30:01.975Z,15
2024-12-24T21:00:02.111Z,15
2024-12-24T21:30:02.201Z,15
2024-12-24T22:00:01.590Z,11
2024-12-24T22:30:00.506Z,-1
2024-12-24T23:00:00.258Z,-1
2024-12-24T23:30:00.346Z,-1
2024-12-25T00:00:01.550Z,10
2024-12-25T00:30:01.718Z,11
2024-12-25T01:00:01.568Z,5
2024-12-25T01:30:01.569Z,6
2024-12-25T02:00:02.896Z,-1
2024-12-25T02:30:02.445Z,15
2024-12-25T03:00:02.082Z,15
2024-12-25T03:30:01.637Z,3
2024-12-25T04:00:01.581Z,0
2024-12-25T04:30:02.369Z,0
2024-12-25T05:00:02.390Z,0
2024-12-25T05:30:01.443Z,0
2024-12-25T06:00:01.662Z,0
2024-12-25T06:30:01.901Z,0
2024-12-25T07:00:02.019Z,0
2024-12-25T07:30:02.162Z,0
2024-12-25T08:00:01.988Z,0
2024-12-25T08:30:02.379Z,0
2024-12-25T09:00:02.228Z,0
2024-12-25T09:30:02.114Z,0
2024-12-25T10:00:02.014Z,0
2024-12-25T10:30:02.038Z,0
2024-12-25T11:00:02.141Z,0
2024-12-25T11:30:02.088Z,0
2024-12-25T12:00:02.201Z,0
2024-12-25T12:30:02.056Z,0
2024-12-25T13:00:02.806Z,-1
2024-12-25T13:30:01.869Z,0
2024-12-25T14:00:01.456Z,0
2024-12-25T14:30:01.932Z,0
2024-12-25T15:00:01.416Z,3
2024-12-25T15:30:02.103Z,11
2024-12-25T16:00:02.107Z,10
2024-12-25T16:30:02.070Z,3
2024-12-25T17:00:02.246Z,0
2024-12-25T17:30:01.728Z,3
2024-12-25T18:00:02.454Z,-1
2024-12-25T18:30:02.532Z,-1
2024-12-25T19:00:02.098Z,15
2024-12-25T19:30:02.383Z,15
2024-12-25T20:00:02.216Z,5
2024-12-25T20:30:03.682Z,-1
2024-12-25T21:00:01.593Z,10
2024-12-25T21:30:01.699Z,15
2024-12-25T22:00:02.065Z,13
2024-12-25T22:30:01.489Z,4
2024-12-25T23:00:00.180Z,-1
2024-12-25T23:30:01.061Z,-1
2024-12-26T00:00:01.566Z,12
2024-12-26T00:30:03.129Z,-1
2024-12-26T01:00:02.534Z,3
2024-12-26T01:30:03.640Z,-1
2024-12-26T02:00:01.890Z,8
2024-12-26T02:30:01.638Z,3
2024-12-26T03:00:01.680Z,4
2024-12-26T03:30:02.110Z,15
2024-12-26T04:00:01.798Z,5
2024-12-26T04:30:01.666Z,4
2024-12-26T05:00:01.739Z,0
2024-12-26T05:30:02.074Z,0
2024-12-26T06:00:02.776Z,-1
2024-12-26T06:30:02.186Z,0
2024-12-26T07:00:02.255Z,0
2024-12-26T07:30:02.137Z,0
2024-12-26T08:00:01.410Z,0
2024-12-26T08:30:02.164Z,0
2024-12-26T09:00:01.619Z,0
2024-12-26T09:30:01.637Z,0
2024-12-26T10:00:01.690Z,0
2024-12-26T10:30:01.985Z,0
2024-12-26T11:00:02.018Z,0
2024-12-26T11:30:02.351Z,0
2024-12-26T12:00:01.527Z,0
2024-12-26T12:30:02.197Z,0
2024-12-26T13:00:02.304Z,0
2024-12-26T13:30:02.302Z,4
2024-12-26T14:00:01.790Z,4
2024-12-26T14:30:01.847Z,5
2024-12-26T15:00:02.068Z,1
2024-12-26T15:30:02.011Z,8
2024-12-26T16:00:02.065Z,5
2024-12-26T16:30:02.150Z,7
2024-12-26T17:00:02.840Z,-1
2024-12-26T17:30:01.609Z,12
2024-12-26T18:00:03.386Z,-1
2024-12-26T18:30:03.372Z,-1
2024-12-26T19:00:02.186Z,13
2024-12-26T19:30:02.161Z,10
2024-12-26T20:00:02.225Z,5
2024-12-26T20:30:01.999Z,6
2024-12-26T21:00:00.633Z,-1
2024-12-26T21:30:00.608Z,-1
2024-12-26T22:00:00.735Z,-1
2024-12-26T22:30:00.121Z,-1
2024-12-26T23:00:00.273Z,-1
2024-12-26T23:30:00.670Z,-1
2024-12-27T00:00:02.059Z,15
2024-12-27T00:30:03.160Z,-1
2024-12-27T01:00:03.333Z,-1
2024-12-27T01:30:03.520Z,-1
2024-12-27T02:00:02.200Z,-1
2024-12-27T02:30:02.043Z,2
2024-12-27T03:00:01.903Z,5
2024-12-27T03:30:02.269Z,3
2024-12-27T04:00:01.672Z,1
2024-12-27T04:30:02.153Z,0
2024-12-27T05:00:01.951Z,0
2024-12-27T05:30:03.055Z,-1
2024-12-27T06:00:03.085Z,-1
2024-12-27T06:30:01.465Z,0
2024-12-27T07:00:01.544Z,0
2024-12-27T07:30:01.786Z,1
2024-12-27T08:00:02.160Z,0
2024-12-27T08:30:02.136Z,0
2024-12-27T09:00:02.096Z,0
2024-12-27T09:30:01.529Z,0
2024-12-27T10:00:01.659Z,1
2024-12-27T10:30:01.775Z,0
2024-12-27T11:00:01.927Z,0
2024-12-27T11:30:01.997Z,0
2024-12-27T12:00:02.316Z,1
2024-12-27T12:30:01.784Z,1
2024-12-27T13:00:01.856Z,1
2024-12-27T13:30:02.250Z,3
2024-12-27T14:00:02.077Z,7
2024-12-27T14:30:01.956Z,3
2024-12-27T15:00:02.084Z,7
2024-12-27T15:30:01.605Z,14
2024-12-27T16:00:01.974Z,9
2024-12-27T16:30:02.223Z,5
2024-12-27T17:00:01.841Z,12
2024-12-27T17:30:01.774Z,14
2024-12-27T18:00:02.315Z,14
2024-12-27T18:30:00.703Z,-1
2024-12-27T19:00:00.401Z,-1
2024-12-27T19:30:00.258Z,-1
2024-12-27T20:00:00.635Z,-1
2024-12-27T20:30:00.314Z,-1
2024-12-27T21:00:00.318Z,-1
2024-12-27T21:30:00.292Z,-1
2024-12-27T22:00:00.369Z,-1
2024-12-27T22:30:00.100Z,-1
2024-12-27T23:00:00.505Z,-1
2024-12-27T23:30:00.956Z,-1
2024-12-28T00:00:02.389Z,8
2024-12-28T00:30:03.974Z,-1
2024-12-28T01:00:03.702Z,-1
2024-12-28T01:30:02.139Z,13
2024-12-28T02:00:02.206Z,14
2024-12-28T02:30:02.335Z,3
2024-12-28T03:00:01.635Z,7
2024-12-28T03:30:02.178Z,0
2024-12-28T04:00:01.890Z,2
2024-12-28T04:30:02.543Z,-1
2024-12-28T05:00:01.861Z,3
2024-12-28T05:30:01.721Z,3
2024-12-28T06:00:01.532Z,0
2024-12-28T06:30:01.442Z,0
2024-12-28T07:00:02.301Z,0
2024-12-28T07:30:01.743Z,0
2024-12-28T08:00:01.740Z,0
2024-12-28T08:30:01.545Z,0
2024-12-28T09:00:01.610Z,0
2024-12-28T09:30:01.718Z,0
2024-12-28T10:00:01.493Z,0
2024-12-28T10:30:01.616Z,0
2024-12-28T11:00:01.546Z,0
2024-12-28T11:30:02.138Z,0
2024-12-28T12:00:02.424Z,0
2024-12-28T12:30:02.458Z,1
2024-12-28T13:00:02.327Z,8
2024-12-28T13:30:02.453Z,7
2024-12-28T14:00:02.316Z,5
2024-12-28T14:30:02.140Z,6
2024-12-28T15:00:02.085Z,11
2024-12-28T15:30:01.836Z,14
2024-12-28T16:00:03.156Z,-1
2024-12-28T16:30:02.425Z,4
2024-12-28T17:00:01.603Z,6
2024-12-28T17:30:01.824Z,14
2024-12-28T18:00:02.828Z,-1
2024-12-28T18:30:01.692Z,13
2024-12-28T19:00:03.198Z,-1
2024-12-28T19:30:02.291Z,6
2024-12-28T20:00:00.985Z,-1
2024-12-28T20:30:01.015Z,-1
2024-12-28T21:00:00.143Z,-1
2024-12-28T21:30:00.461Z,-1
2024-12-28T22:00:00.560Z,-1
2024-12-28T22:30:00.485Z,-1
2024-12-28T23:00:00.905Z,-1
2024-12-28T23:30:00.821Z,-1
2024-12-29T00:00:02.417Z,10
2024-12-29T00:30:02.487Z,4
2024-12-29T01:00:01.673Z,11
2024-12-29T01:30:01.906Z,11
2024-12-29T02:00:02.151Z,15
2024-12-29T02:30:03.496Z,-1
2024-12-29T03:00:02.032Z,15
2024-12-29T03:30:01.934Z,15
2024-12-29T04:00:03.407Z,-1
2024-12-29T04:30:01.455Z,14
2024-12-29T05:00:01.633Z,3
2024-12-29T05:30:01.610Z,2
2024-12-29T06:00:01.638Z,0
2024-12-29T06:30:01.619Z,0
2024-12-29T07:00:01.498Z,0
2024-12-29T07:30:01.604Z,1
2024-12-29T08:00:01.658Z,0
2024-12-29T08:30:01.501Z,0
2024-12-29T09:00:01.808Z,0
2024-12-29T09:30:01.790Z,1
2024-12-29T10:00:02.483Z,-1
2024-12-29T10:30:02.032Z,0
2024-12-29T11:00:02.182Z,0
2024-12-29T11:30:02.121Z,4
2024-12-29T12:00:01.817Z,0
2024-12-29T12:30:01.731Z,0
2024-12-29T13:00:02.034Z,1
2024-12-29T13:30:02.059Z,2
2024-12-29T14:00:02.236Z,3
2024-12-29T14:30:02.224Z,3
2024-12-29T15:00:02.216Z,0
2024-12-29T15:30:01.639Z,4
2024-12-29T16:00:02.395Z,-1
2024-12-29T16:30:01.876Z,14
2024-12-29T17:00:01.965Z,11
2024-12-29T17:30:02.885Z,-1
2024-12-29T18:00:02.363Z,15
2024-12-29T18:30:01.896Z,7
2024-12-29T19:00:02.143Z,8
2024-12-29T19:30:00.880Z,-1
2024-12-29T20:00:00.823Z,-1
2024-12-29T20:30:00.718Z,-1
2024-12-29T21:00:00.824Z,-1
2024-12-29T21:30:00.846Z,-1
2024-12-29T22:00:01.020Z,-1
2024-12-29T22:30:01.057Z,-1
2024-12-29T23:00:00.899Z,-1
2024-12-29T23:30:00.615Z,-1
2024-12-30T00:00:01.928Z,8
2024-12-30T00:30:02.158Z,5
2024-12-30T01:00:02.188Z,4
2024-12-30T01:30:02.353Z,4
2024-12-30T02:00:02.334Z,2
2024-12-30T02:30:03.640Z,-1
2024-12-30T03:00:02.408Z,14
2024-12-30T03:30:02.474Z,5
2024-12-30T04:00:02.362Z,4
2024-12-30T04:30:02.222Z,4
2024-12-30T05:00:01.768Z,4
2024-12-30T05:30:02.401Z,0
2024-12-30T06:00:01.713Z,0
2024-12-30T06:30:01.968Z,0
2024-12-30T07:00:01.860Z,3
2024-12-30T07:30:02.243Z,0
2024-12-30T08:00:01.523Z,0
2024-12-30T08:30:01.570Z,0
2024-12-30T09:00:01.484Z,1
2024-12-30T09:30:02.387Z,0
2024-12-30T10:00:01.490Z,0
2024-12-30T10:30:01.549Z,0
2024-12-30T11:00:01.634Z,0
2024-12-30T11:30:01.485Z,0
2024-12-30T12:00:01.952Z,0
2024-12-30T12:30:02.323Z,0
2024-12-30T13:00:02.313Z,0
2024-12-30T13:30:02.193Z,0
2024-12-30T14:00:02.480Z,0
2024-12-30T14:30:01.431Z,6
2024-12-30T15:00:01.704Z,15
2024-12-30T15:30:02.132Z,14
2024-12-30T16:00:02.449Z,14
2024-12-30T16:30:01.832Z,14
2024-12-30T17:00:02.762Z,-1
2024-12-30T17:30:02.487Z,8
2024-12-30T18:00:02.505Z,3
2024-12-30T18:30:02.257Z,9
2024-12-30T19:00:01.011Z,-1
2024-12-30T19:30:00.820Z,-1
2024-12-30T20:00:00.811Z,-1
2024-12-30T20:30:00.985Z,-1
2024-12-30T21:00:00.968Z,-1
2024-12-30T21:30:01.016Z,-1
2024-12-30T22:00:00.268Z,-1
2024-12-30T22:30:00.466Z,-1
2024-12-30T23:00:00.551Z,-1
2024-12-30T23:30:00.734Z,-1
2024-12-31T00:00:02.116Z,14
2024-12-31T00:30:01.541Z,14
2024-12-31T01:00:01.692Z,14
2024-12-31T01:30:03.609Z,-1
2024-12-31T02:00:03.478Z,-1
2024-12-31T02:30:03.223Z,-1
2024-12-31T03:00:01.517Z,8
2024-12-31T03:30:02.233Z,4
2024-12-31T04:00:02.149Z,4
2024-12-31T04:30:02.187Z,1
2024-12-31T05:00:02.288Z,2
2024-12-31T05:30:02.229Z,0
2024-12-31T06:00:02.175Z,0
2024-12-31T06:30:02.129Z,0
2024-12-31T07:00:02.146Z,0
2024-12-31T07:30:01.937Z,0
2024-12-31T08:00:01.926Z,4
2024-12-31T08:30:01.749Z,3
2024-12-31T09:00:02.515Z,0
2024-12-31T09:30:03.351Z,2
2024-12-31T10:00:01.865Z,0
2024-12-31T10:30:01.948Z,0
2024-12-31T11:00:01.786Z,0
2024-12-31T11:30:01.651Z,1
2024-12-31T12:00:02.447Z,0
2024-12-31T12:30:02.185Z,0
2024-12-31T13:00:01.521Z,5
2024-12-31T13:30:01.757Z,8
2024-12-31T14:00:01.791Z,7
2024-12-31T14:30:01.876Z,3
2024-12-31T15:00:02.186Z,3
2024-12-31T15:30:02.005Z,3
2024-12-31T16:00:02.494Z,14
2024-12-31T16:30:02.133Z,13
2024-12-31T17:00:02.274Z,15
2024-12-31T17:30:02.210Z,11
2024-12-31T18:00:02.457Z,15
2024-12-31T18:30:02.211Z,15
2024-12-31T19:00:03.719Z,-1
2024-12-31T19:30:01.616Z,3
2024-12-31T20:00:02.146Z,9
2024-12-31T20:30:03.461Z,-1
2024-12-31T21:00:02.941Z,-1
2024-12-31T21:30:03.217Z,-1
2024-12-31T22:00:00.667Z,-1
2024-12-31T22:30:00.735Z,-1
2024-12-31T23:00:00.788Z,-1
2024-12-31T23:30:00.924Z,-1
2025-01-01T00:00:02.334Z,15
2025-01-01T00:30:01.457Z,3
2025-01-01T01:00:01.623Z,4
2025-01-01T01:30:02.362Z,13
2025-01-01T02:00:02.270Z,15
2025-01-01T02:30:02.086Z,14
2025-01-01T03:00:02.111Z,11
2025-01-01T03:30:01.865Z,15
2025-01-01T04:00:02.000Z,6
2025-01-01T04:30:02.392Z,0
2025-01-01T05:00:02.475Z,0
2025-01-01T05:30:02.450Z,0
2025-01-01T06:00:02.555Z,8
2025-01-01T06:30:02.352Z,6
2025-01-01T07:00:02.134Z,7
2025-01-01T07:30:02.386Z,-1
2025-01-01T08:00:01.786Z,4
2025-01-01T08:30:01.690Z,2
2025-01-01T09:00:01.875Z,4
2025-01-01T09:30:02.002Z,2
2025-01-01T10:00:02.239Z,2
2025-01-01T10:30:02.261Z,0
2025-01-01T11:00:02.255Z,0
2025-01-01T11:30:02.471Z,0
2025-01-01T12:00:01.633Z,0
2025-01-01T12:30:01.641Z,1
2025-01-01T13:00:01.475Z,2
2025-01-01T13:30:01.512Z,5
2025-01-01T14:00:02.375Z,7
2025-01-01T14:30:01.492Z,6
2025-01-01T15:00:01.874Z,6
2025-01-01T15:30:02.069Z,9
2025-01-01T16:00:02.387Z,15
2025-01-01T16:30:03.797Z,-1
2025-01-01T17:00:02.253Z,15
2025-01-01T17:30:02.364Z,13
2025-01-01T18:00:02.460Z,14
2025-01-01T18:30:02.455Z,12
2025-01-01T19:00:02.135Z,12
2025-01-01T19:30:01.888Z,11
2025-01-01T20:00:00.473Z,-1
2025-01-01T20:30:00.363Z,-1
2025-01-01T21:00:00.268Z,-1
2025-01-01T21:30:00.464Z,-1
2025-01-01T22:00:00.605Z,-1
2025-01-01T22:30:00.689Z,-1
2025-01-01T23:00:00.594Z,-1
2025-01-01T23:30:00.556Z,-1
2025-01-02T00:00:01.873Z,7
2025-01-02T00:30:02.236Z,11
2025-01-02T01:00:01.566Z,8
2025-01-02T01:30:01.560Z,15
2025-01-02T02:00:03.682Z,-1
2025-01-02T02:30:03.675Z,-1
2025-01-02T03:00:02.585Z,15
2025-01-02T03:30:01.614Z,12
2025-01-02T04:00:02.327Z,0
2025-01-02T04:30:01.929Z,0
2025-01-02T05:00:01.880Z,4
2025-01-02T05:30:01.795Z,3
2025-01-02T06:00:02.085Z,2
2025-01-02T06:30:02.470Z,0
2025-01-02T07:00:01.885Z,0
2025-01-02T07:30:01.679Z,0
2025-01-02T08:00:02.336Z,0
2025-01-02T08:30:02.368Z,1
2025-01-02T09:00:02.478Z,0
2025-01-02T09:30:02.724Z,0
2025-01-02T10:00:01.683Z,0
2025-01-02T10:30:01.999Z,0
2025-01-02T11:00:02.095Z,0
2025-01-02T11:30:02.506Z,0
2025-01-02T12:00:01.524Z,0
2025-01-02T12:30:02.009Z,0
2025-01-02T13:00:01.753Z,4
2025-01-02T13:30:01.685Z,4
2025-01-02T14:00:01.876Z,5
2025-01-02T14:30:02.670Z,-1
2025-01-02T15:00:02.063Z,4
2025-01-02T15:30:02.051Z,12
2025-01-02T16:00:02.094Z,6
2025-01-02T16:30:02.292Z,9
2025-01-02T17:00:02.084Z,15
2025-01-02T17:30:01.955Z,14
2025-01-02T18:30:02.086Z,15